datetime,simulationProfile,simulationLevel,simulationInfo,assessmentInfo
20210827T141854,"Golf","ExamCircle","",""
time,positionX,positionY,positionZ,attitudeX,attitudeY,attitudeZ,velocityX,velocityY,velocityZ,reference,obstacle,score[]
0.017,4.450,5.209,3.118,-0.519,-5.034,-1.740,0.704,0.050,0.000,0.240,0,0.939,0.240,5.801
0.033,4.462,5.210,3.118,-0.489,-5.052,-1.740,0.704,0.050,0.000,0.241,0,0.939,0.241,5.801
0.050,4.474,5.211,3.118,-0.459,-5.070,-1.740,0.704,0.050,0.000,0.242,0,0.939,0.241,5.802
0.067,4.485,5.212,3.118,-0.429,-5.087,-1.740,0.704,0.050,0.000,0.242,0,0.939,0.242,5.802
0.083,4.497,5.213,3.118,-0.399,-5.105,-1.741,0.704,0.050,0.000,0.243,0,0.939,0.243,5.802
0.100,4.509,5.214,3.118,-0.368,-5.123,-1.741,0.704,0.050,0.000,0.244,0,0.939,0.243,5.802
0.117,4.520,5.214,3.118,-0.338,-5.141,-1.741,0.704,0.050,0.000,0.245,0,0.938,0.244,5.803
0.133,4.532,5.215,3.118,-0.308,-5.158,-1.741,0.704,0.050,0.000,0.245,0,0.938,0.245,5.803
0.150,4.544,5.216,3.118,-0.278,-5.176,-1.742,0.704,0.050,0.000,0.246,0,0.938,0.246,5.803
0.167,4.558,5.217,3.118,-0.275,-5.171,-1.762,0.704,0.050,0.000,0.247,0,0.938,0.246,5.823
0.183,4.573,5.217,3.118,-0.274,-5.165,-1.782,0.848,0.036,0.001,0.248,0,0.941,0.247,4.213
0.200,4.588,5.218,3.118,-0.272,-5.159,-1.803,0.889,0.032,0.001,0.248,0,0.942,0.248,3.864
0.217,4.603,5.218,3.118,-0.270,-5.153,-1.823,0.889,0.032,0.001,0.249,0,0.942,0.249,3.885
0.233,4.617,5.219,3.118,-0.268,-5.147,-1.844,0.889,0.032,0.001,0.250,0,0.941,0.250,3.905
0.250,4.632,5.219,3.118,-0.266,-5.141,-1.864,0.889,0.032,0.001,0.251,0,0.941,0.250,3.926
0.267,4.647,5.220,3.118,-0.264,-5.135,-1.885,0.889,0.032,0.001,0.252,0,0.941,0.251,3.946
0.283,4.662,5.221,3.118,-0.263,-5.129,-1.905,0.889,0.032,0.001,0.253,0,0.941,0.252,3.967
0.300,4.677,5.221,3.118,-0.261,-5.123,-1.926,0.889,0.032,0.001,0.254,0,0.941,0.253,3.987
0.317,4.691,5.222,3.118,-0.259,-5.117,-1.946,0.889,0.032,0.001,0.255,0,0.940,0.254,4.008
0.333,4.706,5.222,3.118,-0.257,-5.111,-1.967,0.889,0.032,0.001,0.256,0,0.940,0.256,4.028
0.350,4.721,5.223,3.118,-0.255,-5.105,-1.987,0.889,0.032,0.001,0.257,0,0.940,0.257,4.049
0.367,4.736,5.223,3.118,-0.253,-5.099,-2.008,0.889,0.032,0.001,0.259,0,0.939,0.258,4.069
0.383,4.751,5.224,3.118,-0.252,-5.093,-2.028,0.889,0.032,0.001,0.260,0,0.939,0.259,4.090
0.400,4.766,5.224,3.118,-0.250,-5.087,-2.049,0.889,0.032,0.001,0.261,0,0.939,0.261,4.110
0.417,4.782,5.224,3.118,-0.249,-5.081,-2.249,0.889,0.032,0.001,0.262,0,0.938,0.262,4.311
0.433,4.799,5.224,3.118,-0.248,-5.075,-2.464,1.009,0.005,-0.001,0.263,0,0.941,0.263,2.691
0.450,4.816,5.224,3.118,-0.247,-5.069,-2.679,1.016,0.003,-0.001,0.265,0,0.941,0.264,2.847
0.467,4.833,5.225,3.118,-0.247,-5.063,-2.894,1.016,0.003,-0.001,0.266,0,0.940,0.265,3.062
0.483,4.850,5.225,3.118,-0.246,-5.057,-3.109,1.016,0.003,-0.001,0.267,0,0.939,0.267,3.277
0.500,4.867,5.225,3.118,-0.245,-5.051,-3.323,1.016,0.003,-0.001,0.268,0,0.939,0.268,3.492
0.517,4.884,5.225,3.118,-0.244,-5.046,-3.538,1.016,0.003,-0.001,0.270,0,0.938,0.269,3.707
0.533,4.901,5.225,3.118,-0.244,-5.040,-3.753,1.016,0.003,-0.001,0.271,0,0.937,0.271,3.922
0.550,4.918,5.225,3.118,-0.243,-5.034,-3.968,1.016,0.003,-0.001,0.273,0,0.936,0.272,4.137
0.567,4.935,5.225,3.118,-0.243,-5.028,-4.183,1.016,0.003,-0.001,0.275,0,0.936,0.274,4.351
0.583,4.952,5.225,3.118,-0.242,-5.022,-4.398,1.016,0.003,-0.001,0.276,0,0.935,0.276,4.566
0.600,4.969,5.225,3.118,-0.241,-5.016,-4.613,1.016,0.003,-0.001,0.278,0,0.934,0.278,4.781
0.617,4.986,5.225,3.118,-0.241,-5.010,-4.827,1.016,0.003,-0.001,0.280,0,0.933,0.279,4.996
0.633,5.003,5.225,3.118,-0.240,-5.004,-5.042,1.016,0.003,-0.001,0.282,0,0.932,0.281,5.211
0.650,5.020,5.225,3.118,-0.240,-4.998,-5.257,1.016,0.003,-0.001,0.284,0,0.931,0.283,5.426
0.667,5.039,5.225,3.118,-0.228,-5.004,-5.761,1.016,0.003,-0.001,0.285,0,0.930,0.285,5.930
0.683,5.058,5.224,3.117,-0.215,-5.010,-6.279,1.140,-0.032,-0.001,0.287,0,0.932,0.287,4.721
0.700,5.077,5.223,3.117,-0.202,-5.016,-6.797,1.144,-0.033,-0.001,0.289,0,0.931,0.289,5.195
0.717,5.096,5.223,3.117,-0.189,-5.022,-7.315,1.144,-0.033,-0.001,0.291,0,0.929,0.290,5.713
0.733,5.115,5.222,3.117,-0.176,-5.028,-7.834,1.144,-0.033,-0.001,0.293,0,0.928,0.293,6.231
0.750,5.134,5.222,3.117,-0.163,-5.033,-8.352,1.144,-0.033,-0.001,0.295,0,0.926,0.295,6.749
0.767,5.153,5.221,3.117,-0.150,-5.039,-8.870,1.144,-0.033,-0.001,0.297,0,0.924,0.297,7.267
0.783,5.172,5.221,3.117,-0.137,-5.045,-9.388,1.144,-0.033,-0.001,0.300,0,0.923,0.299,7.785
0.800,5.191,5.220,3.117,-0.124,-5.050,-9.906,1.144,-0.033,-0.001,0.302,0,0.921,0.301,8.304
0.817,5.210,5.220,3.117,-0.111,-5.055,-10.424,1.144,-0.033,-0.001,0.304,0,0.920,0.304,8.822
0.833,5.229,5.219,3.117,-0.097,-5.060,-10.942,1.144,-0.033,-0.001,0.307,0,0.918,0.306,9.340
0.850,5.248,5.219,3.117,-0.084,-5.066,-11.460,1.144,-0.033,-0.001,0.309,0,0.916,0.309,9.858
0.867,5.267,5.218,3.117,-0.071,-5.070,-11.979,1.144,-0.033,-0.001,0.312,0,0.915,0.312,10.376
0.883,5.286,5.217,3.117,-0.057,-5.075,-12.497,1.144,-0.033,-0.001,0.315,0,0.913,0.314,10.894
0.900,5.306,5.217,3.117,-0.044,-5.078,-13.031,1.144,-0.033,-0.001,0.318,0,0.911,0.317,11.428
0.917,5.327,5.216,3.117,-0.034,-5.057,-13.776,1.149,-0.033,-0.003,0.320,0,0.909,0.320,12.128
0.933,5.348,5.214,3.117,-0.024,-5.035,-14.520,1.267,-0.084,0.010,0.323,0,0.912,0.322,10.772
0.950,5.369,5.213,3.118,-0.014,-5.014,-15.265,1.265,-0.081,0.008,0.326,0,0.909,0.325,11.598
0.967,5.390,5.211,3.118,-0.004,-4.992,-16.010,1.265,-0.081,0.008,0.328,0,0.907,0.328,12.342
0.983,5.411,5.210,3.118,0.005,-4.970,-16.755,1.265,-0.081,0.008,0.331,0,0.905,0.331,13.087
1.000,5.432,5.209,3.118,0.014,-4.948,-17.499,1.265,-0.081,0.008,0.334,0,0.902,0.334,13.832
1.017,5.453,5.207,3.118,0.022,-4.926,-18.244,1.265,-0.081,0.008,0.337,0,0.900,0.337,14.576
1.033,5.474,5.206,3.118,0.031,-4.904,-18.988,1.265,-0.081,0.008,0.341,0,0.898,0.340,15.321
1.050,5.495,5.205,3.118,0.039,-4.882,-19.733,1.265,-0.081,0.008,0.344,0,0.896,0.343,16.065
1.067,5.516,5.203,3.119,0.047,-4.859,-20.477,1.265,-0.081,0.008,0.347,0,0.893,0.347,16.810
1.083,5.538,5.202,3.119,0.054,-4.837,-21.222,1.265,-0.081,0.008,0.351,0,0.891,0.350,17.554
1.100,5.559,5.201,3.119,0.061,-4.814,-21.966,1.265,-0.081,0.008,0.354,0,0.889,0.354,18.299
1.117,5.580,5.199,3.119,0.068,-4.792,-22.711,1.265,-0.081,0.008,0.358,0,0.886,0.358,19.043
1.133,5.601,5.198,3.119,0.075,-4.769,-23.455,1.265,-0.081,0.008,0.362,0,0.884,0.361,19.788
1.150,5.622,5.197,3.119,0.081,-4.748,-24.199,1.265,-0.081,0.008,0.366,0,0.881,0.365,20.532
1.167,5.645,5.194,3.120,0.077,-4.772,-24.938,1.267,-0.082,0.007,0.369,0,0.879,0.368,21.277
1.183,5.668,5.191,3.120,0.074,-4.796,-25.677,1.370,-0.154,0.017,0.372,0,0.883,0.372,19.305
1.200,5.690,5.189,3.120,0.071,-4.820,-26.416,1.369,-0.152,0.016,0.376,0,0.880,0.375,20.080
1.217,5.713,5.186,3.120,0.068,-4.844,-27.155,1.369,-0.152,0.016,0.379,0,0.878,0.379,20.819
1.233,5.736,5.184,3.121,0.066,-4.868,-27.894,1.369,-0.152,0.016,0.383,0,0.875,0.383,21.558
1.250,5.759,5.181,3.121,0.064,-4.893,-28.634,1.369,-0.152,0.016,0.387,0,0.873,0.386,22.297
1.267,5.782,5.179,3.121,0.062,-4.917,-29.373,1.369,-0.152,0.016,0.391,0,0.871,0.390,23.036
1.283,5.805,5.176,3.121,0.061,-4.941,-30.112,1.369,-0.152,0.016,0.395,0,0.868,0.394,23.775
1.300,5.827,5.174,3.122,0.060,-4.965,-30.851,1.369,-0.152,0.016,0.399,0,0.866,0.399,24.515
1.317,5.850,5.171,3.122,0.059,-4.990,-31.590,1.369,-0.152,0.016,0.403,0,0.863,0.403,25.254
1.333,5.873,5.169,3.122,0.059,-5.014,-32.330,1.369,-0.152,0.016,0.408,0,0.861,0.407,25.993
1.350,5.896,5.166,3.122,0.058,-5.038,-33.069,1.369,-0.152,0.016,0.412,0,0.858,0.412,26.732
1.367,5.919,5.163,3.123,0.059,-5.062,-33.808,1.369,-0.152,0.016,0.417,0,0.856,0.416,27.472
1.383,5.941,5.161,3.123,0.059,-5.087,-34.548,1.369,-0.152,0.016,0.421,0,0.853,0.421,28.211
1.400,5.964,5.158,3.123,0.059,-5.110,-35.273,1.369,-0.152,0.016,0.426,0,0.851,0.425,28.936
1.417,5.989,5.154,3.123,0.036,-5.114,-35.488,1.370,-0.153,0.015,0.430,0,0.850,0.429,29.115
1.433,6.013,5.150,3.124,0.014,-5.117,-35.703,1.457,-0.260,0.013,0.433,0,0.856,0.433,25.622
1.450,6.037,5.145,3.124,-0.009,-5.121,-35.918,1.456,-0.258,0.012,0.437,0,0.855,0.437,25.869
1.467,6.061,5.141,3.124,-0.032,-5.125,-36.133,1.456,-0.258,0.012,0.441,0,0.854,0.441,26.084
1.483,6.086,5.137,3.124,-0.055,-5.129,-36.348,1.456,-0.258,0.012,0.445,0,0.852,0.445,26.337
1.500,6.110,5.133,3.124,-0.078,-5.133,-36.563,1.456,-0.258,0.012,0.450,0,0.851,0.449,26.514
1.517,6.134,5.128,3.125,-0.101,-5.137,-36.778,1.456,-0.258,0.012,0.454,0,0.850,0.453,26.729
1.533,6.158,5.124,3.125,-0.124,-5.141,-36.993,1.456,-0.258,0.012,0.458,0,0.849,0.458,26.944
1.550,6.183,5.120,3.125,-0.146,-5.145,-37.208,1.456,-0.258,0.012,0.463,0,0.847,0.462,27.197
1.567,6.207,5.115,3.125,-0.169,-5.149,-37.423,1.456,-0.258,0.012,0.467,0,0.846,0.467,27.374
1.583,6.231,5.111,3.125,-0.192,-5.153,-37.638,1.456,-0.258,0.012,0.472,0,0.844,0.472,27.589
1.600,6.256,5.107,3.126,-0.215,-5.158,-37.853,1.456,-0.258,0.012,0.477,0,0.843,0.477,27.804
1.617,6.280,5.102,3.126,-0.237,-5.162,-38.068,1.456,-0.258,0.012,0.482,0,0.841,0.482,28.019
1.633,6.304,5.098,3.126,-0.260,-5.167,-38.283,1.456,-0.258,0.012,0.487,0,0.840,0.487,28.234
1.650,6.328,5.094,3.126,-0.283,-5.171,-38.485,1.456,-0.258,0.012,0.492,0,0.838,0.492,28.436
1.667,6.353,5.088,3.126,-0.301,-5.150,-38.220,1.457,-0.259,0.011,0.496,0,0.838,0.496,28.132
1.683,6.378,5.082,3.126,-0.320,-5.129,-37.955,1.502,-0.370,0.006,0.500,0,0.846,0.500,24.151
1.700,6.403,5.075,3.126,-0.338,-5.108,-37.690,1.502,-0.368,0.005,0.504,0,0.846,0.504,23.914
1.717,6.428,5.069,3.126,-0.357,-5.086,-37.425,1.502,-0.368,0.005,0.509,0,0.846,0.508,23.649
1.733,6.453,5.063,3.127,-0.375,-5.065,-37.160,1.502,-0.368,0.005,0.513,0,0.845,0.513,23.384
1.750,6.479,5.057,3.127,-0.393,-5.044,-36.895,1.502,-0.368,0.005,0.518,0,0.845,0.517,23.119
1.767,6.504,5.051,3.127,-0.411,-5.022,-36.630,1.502,-0.368,0.005,0.522,0,0.845,0.522,22.854
1.783,6.529,5.045,3.127,-0.430,-5.000,-36.365,1.502,-0.368,0.005,0.527,0,0.845,0.526,22.589
1.800,6.554,5.039,3.127,-0.447,-4.979,-36.100,1.502,-0.368,0.005,0.532,0,0.844,0.531,22.325
1.817,6.579,5.032,3.127,-0.465,-4.957,-35.835,1.502,-0.368,0.005,0.537,0,0.844,0.536,22.060
1.833,6.604,5.026,3.127,-0.483,-4.935,-35.570,1.502,-0.368,0.005,0.542,0,0.843,0.541,21.795
1.850,6.629,5.020,3.127,-0.500,-4.913,-35.305,1.502,-0.368,0.005,0.547,0,0.843,0.546,21.530
1.867,6.654,5.014,3.127,-0.518,-4.891,-35.041,1.502,-0.368,0.005,0.552,0,0.842,0.552,21.265
1.883,6.679,5.008,3.127,-0.535,-4.869,-34.776,1.502,-0.368,0.005,0.558,0,0.842,0.557,21.000
1.900,6.704,5.002,3.127,-0.552,-4.847,-34.507,1.502,-0.368,0.005,0.563,0,0.841,0.563,20.732
1.917,6.730,4.994,3.127,-0.543,-4.840,-34.110,1.502,-0.368,0.005,0.568,0,0.841,0.567,20.334
1.933,6.756,4.986,3.127,-0.534,-4.833,-33.712,1.562,-0.453,-0.001,0.573,0,0.847,0.572,17.528
1.950,6.782,4.978,3.127,-0.524,-4.826,-33.314,1.575,-0.472,-0.003,0.578,0,0.848,0.577,16.655
1.967,6.809,4.971,3.127,-0.515,-4.819,-32.916,1.575,-0.472,-0.003,0.583,0,0.847,0.582,16.257
1.983,6.835,4.963,3.127,-0.506,-4.812,-32.519,1.575,-0.472,-0.003,0.588,0,0.847,0.587,15.859
2.000,6.861,4.955,3.127,-0.496,-4.805,-32.121,1.575,-0.472,-0.003,0.593,0,0.847,0.592,15.461
2.017,6.887,4.947,3.127,-0.487,-4.799,-31.723,1.575,-0.472,-0.003,0.598,0,0.847,0.598,15.064
2.033,6.914,4.939,3.127,-0.477,-4.792,-31.326,1.575,-0.472,-0.003,0.604,0,0.847,0.603,14.666
2.050,6.940,4.931,3.127,-0.468,-4.785,-30.928,1.575,-0.472,-0.003,0.609,0,0.846,0.609,14.268
2.067,6.966,4.923,3.127,-0.458,-4.779,-30.530,1.575,-0.472,-0.003,0.615,0,0.846,0.615,13.871
2.083,6.992,4.916,3.127,-0.449,-4.772,-30.132,1.575,-0.472,-0.003,0.621,0,0.846,0.620,13.473
2.100,7.019,4.908,3.127,-0.439,-4.766,-29.735,1.575,-0.472,-0.003,0.627,0,0.846,0.626,13.075
2.117,7.045,4.900,3.127,-0.429,-4.760,-29.337,1.575,-0.472,-0.003,0.633,0,0.845,0.632,12.677
2.133,7.071,4.892,3.127,-0.420,-4.753,-28.939,1.575,-0.472,-0.003,0.639,0,0.845,0.639,12.280
2.150,7.097,4.884,3.127,-0.410,-4.747,-28.542,1.575,-0.472,-0.003,0.645,0,0.845,0.645,11.882
2.167,7.125,4.875,3.127,-0.389,-4.738,-28.527,1.575,-0.472,-0.003,0.651,0,0.843,0.651,11.867
2.183,7.152,4.866,3.127,-0.367,-4.727,-28.579,1.642,-0.540,-0.007,0.658,0,0.845,0.657,10.405
2.200,7.180,4.857,3.126,-0.344,-4.717,-28.631,1.651,-0.549,-0.008,0.664,0,0.845,0.663,10.238
2.217,7.207,4.848,3.126,-0.322,-4.707,-28.684,1.651,-0.549,-0.008,0.670,0,0.843,0.670,10.290
2.233,7.235,4.838,3.126,-0.299,-4.697,-28.736,1.651,-0.549,-0.008,0.677,0,0.842,0.676,10.343
2.250,7.262,4.829,3.126,-0.277,-4.687,-28.788,1.651,-0.549,-0.008,0.683,0,0.840,0.683,10.395
2.267,7.290,4.820,3.126,-0.254,-4.676,-28.841,1.651,-0.549,-0.008,0.690,0,0.839,0.689,10.447
2.283,7.317,4.811,3.126,-0.232,-4.666,-28.893,1.651,-0.549,-0.008,0.697,0,0.837,0.696,10.500
2.300,7.345,4.802,3.126,-0.209,-4.656,-28.945,1.651,-0.549,-0.008,0.704,0,0.836,0.703,10.552
2.317,7.372,4.793,3.125,-0.187,-4.645,-28.998,1.651,-0.549,-0.008,0.711,0,0.834,0.710,10.604
2.333,7.400,4.784,3.125,-0.164,-4.635,-29.050,1.651,-0.549,-0.008,0.718,0,0.833,0.718,10.657
2.350,7.427,4.774,3.125,-0.142,-4.625,-29.102,1.651,-0.549,-0.008,0.726,0,0.831,0.725,10.709
2.367,7.455,4.765,3.125,-0.119,-4.614,-29.155,1.651,-0.549,-0.008,0.733,0,0.829,0.733,10.761
2.383,7.482,4.756,3.125,-0.097,-4.604,-29.207,1.651,-0.549,-0.008,0.741,0,0.828,0.740,10.813
2.400,7.510,4.747,3.125,-0.075,-4.593,-29.259,1.651,-0.549,-0.008,0.748,0,0.826,0.748,10.866
2.417,7.538,4.737,3.125,-0.070,-4.524,-30.046,1.651,-0.549,-0.008,0.756,0,0.823,0.755,11.653
2.433,7.566,4.727,3.124,-0.072,-4.441,-31.010,1.683,-0.597,-0.011,0.763,0,0.822,0.763,11.467
2.450,7.594,4.717,3.124,-0.075,-4.358,-31.973,1.688,-0.606,-0.012,0.771,0,0.819,0.771,12.255
2.467,7.622,4.707,3.124,-0.079,-4.275,-32.936,1.688,-0.606,-0.012,0.779,0,0.815,0.778,13.218
2.483,7.650,4.697,3.124,-0.085,-4.192,-33.899,1.688,-0.606,-0.012,0.787,0,0.811,0.786,14.181
2.500,7.679,4.687,3.124,-0.092,-4.110,-34.863,1.688,-0.606,-0.012,0.795,0,0.807,0.795,15.144
2.517,7.707,4.676,3.123,-0.100,-4.027,-35.825,1.688,-0.606,-0.012,0.803,0,0.804,0.803,16.107
2.533,7.735,4.666,3.123,-0.110,-3.944,-36.788,1.688,-0.606,-0.012,0.812,0,0.800,0.811,17.070
2.550,7.763,4.656,3.123,-0.121,-3.862,-37.751,1.688,-0.606,-0.012,0.820,0,0.796,0.820,18.033
2.567,7.791,4.646,3.123,-0.134,-3.780,-38.714,1.688,-0.606,-0.012,0.829,0,0.792,0.828,18.995
2.583,7.819,4.636,3.123,-0.148,-3.698,-39.677,1.688,-0.606,-0.012,0.837,0,0.788,0.837,19.958
2.600,7.847,4.626,3.122,-0.164,-3.616,-40.639,1.688,-0.606,-0.012,0.846,0,0.784,0.846,20.921
2.617,7.876,4.616,3.122,-0.180,-3.535,-41.602,1.688,-0.606,-0.012,0.855,0,0.780,0.855,21.883
2.633,7.904,4.606,3.122,-0.198,-3.454,-42.564,1.688,-0.606,-0.012,0.864,0,0.776,0.864,22.846
2.650,7.932,4.596,3.122,-0.218,-3.373,-43.527,1.688,-0.606,-0.012,0.873,0,0.772,0.873,23.808
2.667,7.960,4.585,3.122,-0.278,-3.250,-44.970,1.688,-0.606,-0.012,0.882,0,0.768,0.881,25.251
2.683,7.988,4.573,3.122,-0.346,-3.122,-46.479,1.672,-0.668,-0.011,0.890,0,0.767,0.890,24.719
2.700,8.015,4.562,3.121,-0.418,-2.996,-47.988,1.670,-0.674,-0.011,0.899,0,0.763,0.898,25.997
2.717,8.043,4.551,3.121,-0.493,-2.872,-49.498,1.670,-0.674,-0.011,0.907,0,0.757,0.907,27.506
2.733,8.071,4.540,3.121,-0.571,-2.750,-51.007,1.670,-0.674,-0.011,0.916,0,0.752,0.916,29.016
2.750,8.099,4.528,3.121,-0.653,-2.630,-52.516,1.670,-0.674,-0.011,0.925,0,0.747,0.924,30.525
2.767,8.127,4.517,3.121,-0.737,-2.512,-54.026,1.670,-0.674,-0.011,0.934,0,0.742,0.933,32.034
2.783,8.155,4.506,3.120,-0.825,-2.397,-55.535,1.670,-0.674,-0.011,0.943,0,0.737,0.942,33.543
2.800,8.182,4.495,3.120,-0.916,-2.284,-57.044,1.670,-0.674,-0.011,0.952,0,0.732,0.952,35.053
2.817,8.210,4.483,3.120,-1.009,-2.173,-58.554,1.670,-0.674,-0.011,0.962,0,0.727,0.961,36.562
2.833,8.238,4.472,3.120,-1.106,-2.065,-60.063,1.670,-0.674,-0.011,0.971,0,0.721,0.971,38.072
2.850,8.266,4.461,3.120,-1.205,-1.959,-61.573,1.670,-0.674,-0.011,0.981,0,0.716,0.980,39.581
2.867,8.294,4.450,3.119,-1.307,-1.857,-63.083,1.670,-0.674,-0.011,0.990,0,0.711,0.990,41.091
2.883,8.322,4.438,3.119,-1.412,-1.756,-64.592,1.670,-0.674,-0.011,1.000,0,0.705,1.000,42.601
2.900,8.349,4.427,3.119,-1.484,-1.698,-66.097,1.670,-0.674,-0.011,1.010,0,0.700,1.009,44.105
2.917,8.374,4.415,3.119,-1.437,-1.769,-67.582,1.650,-0.672,-0.015,1.018,0,0.696,1.017,45.422
2.933,8.399,4.404,3.119,-1.389,-1.839,-69.068,1.495,-0.707,-0.005,1.026,0,0.698,1.025,43.774
2.950,8.424,4.392,3.119,-1.338,-1.907,-70.553,1.506,-0.700,-0.009,1.034,0,0.692,1.033,45.609
2.967,8.449,4.380,3.119,-1.286,-1.975,-72.039,1.506,-0.700,-0.009,1.042,0,0.687,1.042,47.095
2.983,8.474,4.369,3.118,-1.233,-2.040,-73.525,1.506,-0.700,-0.009,1.050,0,0.682,1.050,48.580
3.000,8.499,4.357,3.118,-1.177,-2.105,-75.011,1.506,-0.700,-0.009,1.059,0,0.677,1.058,50.066
3.017,8.525,4.345,3.118,-1.120,-2.168,-76.497,1.506,-0.700,-0.009,1.067,0,0.672,1.067,51.552
3.033,8.550,4.334,3.118,-1.061,-2.230,-77.983,1.506,-0.700,-0.009,1.076,0,0.667,1.075,53.039
3.050,8.575,4.322,3.118,-1.001,-2.289,-79.470,1.506,-0.700,-0.009,1.085,0,0.662,1.084,54.525
3.067,8.600,4.310,3.118,-0.939,-2.348,-80.956,1.506,-0.700,-0.009,1.093,0,0.657,1.093,56.012
3.083,8.625,4.299,3.117,-0.876,-2.405,-82.443,1.506,-0.700,-0.009,1.102,0,0.652,1.102,57.498
3.100,8.650,4.287,3.117,-0.811,-2.460,-83.929,1.506,-0.700,-0.009,1.111,0,0.647,1.111,58.985
3.117,8.675,4.275,3.117,-0.745,-2.513,-85.416,1.506,-0.700,-0.009,1.121,0,0.642,1.120,60.472
3.133,8.700,4.264,3.117,-0.677,-2.565,-86.903,1.506,-0.700,-0.009,1.130,0,0.637,1.129,61.959
3.150,8.725,4.252,3.117,-0.618,-2.621,-88.301,1.506,-0.700,-0.009,1.139,0,0.631,1.139,63.356
3.167,8.749,4.239,3.117,-0.614,-2.711,-89.156,1.506,-0.700,-0.009,1.147,0,0.628,1.146,64.212
3.183,8.773,4.226,3.117,-0.609,-2.802,-90.012,1.444,-0.784,-0.007,1.154,0,0.632,1.154,61.544
3.200,8.797,4.213,3.116,-0.603,-2.892,-90.868,1.439,-0.790,-0.007,1.162,0,0.630,1.162,62.102
3.217,8.821,4.199,3.116,-0.595,-2.982,-91.724,1.439,-0.790,-0.007,1.170,0,0.626,1.170,62.958
3.233,8.845,4.186,3.116,-0.586,-3.073,-92.581,1.439,-0.790,-0.007,1.178,0,0.623,1.178,63.814
3.250,8.869,4.173,3.116,-0.575,-3.163,-93.437,1.439,-0.790,-0.007,1.186,0,0.619,1.186,64.670
3.267,8.893,4.160,3.116,-0.563,-3.253,-94.293,1.439,-0.790,-0.007,1.194,0,0.616,1.194,65.527
3.283,8.917,4.147,3.116,-0.550,-3.342,-95.150,1.439,-0.790,-0.007,1.202,0,0.612,1.202,66.383
3.300,8.941,4.134,3.116,-0.536,-3.432,-96.006,1.439,-0.790,-0.007,1.211,0,0.609,1.210,67.240
3.317,8.965,4.120,3.116,-0.520,-3.521,-96.863,1.439,-0.790,-0.007,1.219,0,0.605,1.219,68.096
3.333,8.989,4.107,3.116,-0.503,-3.610,-97.720,1.439,-0.790,-0.007,1.228,0,0.601,1.227,68.953
3.350,9.013,4.094,3.115,-0.484,-3.699,-98.576,1.439,-0.790,-0.007,1.236,0,0.598,1.236,69.810
3.367,9.037,4.081,3.115,-0.464,-3.787,-99.433,1.439,-0.790,-0.007,1.245,0,0.594,1.245,70.667
3.383,9.061,4.068,3.115,-0.443,-3.875,-100.290,1.439,-0.790,-0.007,1.254,0,0.590,1.253,71.524
3.400,9.085,4.055,3.115,-0.428,-3.963,-101.014,1.439,-0.790,-0.007,1.263,0,0.587,1.262,72.248
3.417,9.106,4.039,3.115,-0.458,-4.053,-100.935,1.424,-0.792,-0.009,1.269,0,0.587,1.268,71.866
3.433,9.128,4.025,3.115,-0.488,-4.143,-100.855,1.288,-0.903,-0.002,1.275,0,0.599,1.274,65.850
3.450,9.149,4.010,3.115,-0.518,-4.232,-100.775,1.290,-0.892,-0.004,1.281,0,0.597,1.280,66.090
3.467,9.171,3.995,3.115,-0.549,-4.322,-100.695,1.290,-0.892,-0.004,1.287,0,0.596,1.287,66.010
3.483,9.192,3.980,3.115,-0.579,-4.411,-100.615,1.290,-0.892,-0.004,1.294,0,0.595,1.293,65.930
3.500,9.214,3.965,3.115,-0.610,-4.500,-100.535,1.290,-0.892,-0.004,1.300,0,0.594,1.300,65.850
3.517,9.235,3.950,3.115,-0.641,-4.590,-100.455,1.290,-0.892,-0.004,1.307,0,0.593,1.306,65.770
3.533,9.257,3.935,3.115,-0.671,-4.679,-100.374,1.290,-0.892,-0.004,1.313,0,0.591,1.313,65.690
3.550,9.278,3.920,3.114,-0.702,-4.768,-100.294,1.290,-0.892,-0.004,1.320,0,0.590,1.319,65.610
3.567,9.300,3.906,3.114,-0.733,-4.858,-100.214,1.290,-0.892,-0.004,1.327,0,0.589,1.326,65.529
3.583,9.321,3.891,3.114,-0.765,-4.947,-100.133,1.290,-0.892,-0.004,1.334,0,0.588,1.333,65.449
3.600,9.343,3.876,3.114,-0.796,-5.036,-100.053,1.290,-0.892,-0.004,1.341,0,0.587,1.340,65.368
3.617,9.364,3.861,3.114,-0.828,-5.125,-99.972,1.290,-0.892,-0.004,1.348,0,0.586,1.347,65.288
3.633,9.386,3.846,3.114,-0.859,-5.214,-99.892,1.290,-0.892,-0.004,1.355,0,0.584,1.355,65.207
3.650,9.407,3.831,3.114,-0.889,-5.297,-99.768,1.290,-0.892,-0.004,1.362,0,0.583,1.362,65.084
3.667,9.426,3.814,3.114,-0.897,-5.313,-99.174,1.280,-0.896,-0.006,1.366,0,0.584,1.365,64.212
3.683,9.445,3.797,3.114,-0.905,-5.329,-98.580,1.129,-1.033,-0.000,1.370,0,0.601,1.369,56.125
3.700,9.464,3.780,3.114,-0.914,-5.344,-97.986,1.130,-1.027,-0.002,1.374,0,0.602,1.373,55.747
3.717,9.483,3.763,3.114,-0.922,-5.360,-97.392,1.130,-1.027,-0.002,1.378,0,0.602,1.378,55.153
3.733,9.501,3.746,3.114,-0.931,-5.376,-96.797,1.130,-1.027,-0.002,1.382,0,0.602,1.382,54.559
3.750,9.520,3.728,3.114,-0.940,-5.391,-96.203,1.130,-1.027,-0.002,1.387,0,0.603,1.386,53.965
3.767,9.539,3.711,3.114,-0.949,-5.406,-95.609,1.130,-1.027,-0.002,1.391,0,0.603,1.391,53.370
3.783,9.558,3.694,3.114,-0.958,-5.422,-95.015,1.130,-1.027,-0.002,1.396,0,0.604,1.395,52.776
3.800,9.577,3.677,3.114,-0.968,-5.437,-94.420,1.130,-1.027,-0.002,1.400,0,0.604,1.400,52.182
3.817,9.596,3.660,3.114,-0.977,-5.452,-93.826,1.130,-1.027,-0.002,1.405,0,0.605,1.404,51.587
3.833,9.614,3.643,3.114,-0.987,-5.467,-93.231,1.130,-1.027,-0.002,1.410,0,0.605,1.409,50.993
3.850,9.633,3.626,3.114,-0.997,-5.482,-92.637,1.130,-1.027,-0.002,1.415,0,0.605,1.414,50.399
3.867,9.652,3.609,3.114,-1.007,-5.497,-92.043,1.130,-1.027,-0.002,1.420,0,0.606,1.419,49.804
3.883,9.671,3.592,3.114,-1.017,-5.511,-91.448,1.130,-1.027,-0.002,1.425,0,0.606,1.424,49.210
3.900,9.690,3.574,3.114,-1.025,-5.525,-90.851,1.130,-1.027,-0.002,1.430,0,0.606,1.429,48.613
3.917,9.707,3.555,3.114,-1.005,-5.530,-90.207,1.130,-1.027,-0.002,1.432,0,0.607,1.432,47.969
3.933,9.724,3.535,3.114,-0.984,-5.535,-89.563,1.048,-1.169,-0.001,1.435,0,0.621,1.434,41.463
3.950,9.742,3.515,3.114,-0.963,-5.541,-88.919,1.034,-1.194,-0.000,1.437,0,0.624,1.437,39.784
3.967,9.759,3.495,3.114,-0.942,-5.546,-88.275,1.034,-1.194,-0.000,1.440,0,0.625,1.439,39.140
3.983,9.776,3.475,3.114,-0.922,-5.552,-87.632,1.034,-1.194,-0.000,1.442,0,0.626,1.442,38.496
4.000,9.793,3.455,3.114,-0.901,-5.558,-86.988,1.034,-1.194,-0.000,1.445,0,0.627,1.445,37.852
4.017,9.811,3.435,3.114,-0.880,-5.565,-86.344,1.034,-1.194,-0.000,1.448,0,0.628,1.448,37.208
4.033,9.828,3.416,3.114,-0.860,-5.571,-85.700,1.034,-1.194,-0.000,1.451,0,0.629,1.450,36.564
4.050,9.845,3.396,3.114,-0.840,-5.578,-85.056,1.034,-1.194,-0.000,1.454,0,0.630,1.453,35.920
4.067,9.862,3.376,3.113,-0.819,-5.585,-84.412,1.034,-1.194,-0.000,1.457,0,0.630,1.457,35.276
4.083,9.880,3.356,3.113,-0.799,-5.592,-83.768,1.034,-1.194,-0.000,1.460,0,0.631,1.460,34.632
4.100,9.897,3.336,3.113,-0.779,-5.600,-83.124,1.034,-1.194,-0.000,1.464,0,0.632,1.463,33.988
4.117,9.914,3.316,3.113,-0.759,-5.607,-82.480,1.034,-1.194,-0.000,1.467,0,0.633,1.467,33.344
4.133,9.931,3.296,3.113,-0.739,-5.615,-81.836,1.034,-1.194,-0.000,1.471,0,0.633,1.470,32.700
4.150,9.948,3.276,3.113,-0.719,-5.623,-81.192,1.034,-1.194,-0.000,1.474,0,0.634,1.474,32.056
4.167,9.965,3.254,3.113,-0.723,-5.633,-80.819,1.034,-1.194,-0.000,1.476,0,0.635,1.475,31.683
4.183,9.981,3.232,3.113,-0.731,-5.644,-80.484,0.983,-1.334,0.001,1.478,0,0.645,1.477,26.841
4.200,9.997,3.209,3.113,-0.739,-5.654,-80.148,0.978,-1.349,0.001,1.479,0,0.646,1.479,26.082
4.217,10.014,3.187,3.114,-0.747,-5.665,-79.813,0.978,-1.349,0.001,1.481,0,0.647,1.481,25.746
4.233,10.030,3.164,3.114,-0.755,-5.675,-79.478,0.978,-1.349,0.001,1.483,0,0.647,1.483,25.411
4.250,10.046,3.142,3.114,-0.763,-5.685,-79.142,0.978,-1.349,0.001,1.485,0,0.647,1.485,25.076
4.267,10.063,3.119,3.114,-0.771,-5.695,-78.807,0.978,-1.349,0.001,1.488,0,0.648,1.487,24.741
4.283,10.079,3.097,3.114,-0.779,-5.705,-78.472,0.978,-1.349,0.001,1.490,0,0.648,1.489,24.405
4.300,10.095,3.074,3.114,-0.787,-5.715,-78.137,0.978,-1.349,0.001,1.492,0,0.648,1.492,24.070
4.317,10.111,3.052,3.114,-0.795,-5.726,-77.801,0.978,-1.349,0.001,1.495,0,0.648,1.494,23.735
4.333,10.128,3.029,3.114,-0.803,-5.736,-77.466,0.978,-1.349,0.001,1.497,0,0.649,1.497,23.399
4.350,10.144,3.007,3.114,-0.811,-5.745,-77.131,0.978,-1.349,0.001,1.500,0,0.649,1.500,23.064
4.367,10.160,2.984,3.114,-0.820,-5.755,-76.795,0.978,-1.349,0.001,1.503,0,0.649,1.503,22.729
4.383,10.177,2.962,3.114,-0.828,-5.765,-76.460,0.978,-1.349,0.001,1.506,0,0.649,1.506,22.393
4.400,10.193,2.939,3.114,-0.837,-5.775,-76.125,0.978,-1.349,0.001,1.509,0,0.649,1.509,22.058
4.417,10.208,2.915,3.114,-0.856,-5.789,-76.136,0.978,-1.349,0.001,1.510,0,0.649,1.510,22.070
4.433,10.223,2.891,3.114,-0.877,-5.804,-76.217,0.909,-1.453,0.001,1.512,0,0.657,1.511,18.265
4.450,10.238,2.866,3.114,-0.899,-5.819,-76.298,0.898,-1.469,0.001,1.513,0,0.658,1.512,17.753
4.467,10.253,2.842,3.114,-0.920,-5.834,-76.379,0.898,-1.469,0.001,1.514,0,0.658,1.514,17.833
4.483,10.268,2.817,3.114,-0.941,-5.849,-76.460,0.898,-1.469,0.001,1.516,0,0.657,1.515,17.914
4.500,10.283,2.793,3.114,-0.963,-5.864,-76.541,0.898,-1.469,0.001,1.517,0,0.657,1.517,17.995
4.517,10.298,2.768,3.114,-0.984,-5.879,-76.622,0.898,-1.469,0.001,1.519,0,0.656,1.519,18.076
4.533,10.313,2.744,3.114,-1.005,-5.894,-76.703,0.898,-1.469,0.001,1.521,0,0.656,1.520,18.157
4.550,10.328,2.719,3.114,-1.027,-5.909,-76.784,0.898,-1.469,0.001,1.523,0,0.655,1.522,18.238
4.567,10.343,2.695,3.114,-1.048,-5.924,-76.864,0.898,-1.469,0.001,1.525,0,0.654,1.524,18.319
4.583,10.358,2.670,3.114,-1.069,-5.939,-76.945,0.898,-1.469,0.001,1.527,0,0.654,1.527,18.400
4.600,10.373,2.646,3.114,-1.090,-5.954,-77.026,0.898,-1.469,0.001,1.530,0,0.653,1.529,18.481
4.617,10.388,2.621,3.114,-1.112,-5.969,-77.107,0.898,-1.469,0.001,1.532,0,0.652,1.532,18.562
4.633,10.403,2.597,3.114,-1.133,-5.985,-77.188,0.898,-1.469,0.001,1.535,0,0.652,1.534,18.642
4.650,10.418,2.572,3.114,-1.154,-6.000,-77.269,0.898,-1.469,0.001,1.537,0,0.651,1.537,18.723
4.667,10.432,2.546,3.114,-1.235,-5.917,-77.535,0.898,-1.469,0.001,1.539,0,0.650,1.538,18.990
4.683,10.446,2.519,3.114,-1.324,-5.822,-77.824,0.855,-1.572,0.001,1.540,0,0.656,1.539,16.352
4.700,10.460,2.492,3.114,-1.414,-5.728,-78.113,0.838,-1.612,0.000,1.541,0,0.657,1.540,15.552
4.717,10.474,2.466,3.114,-1.504,-5.634,-78.402,0.838,-1.612,0.000,1.542,0,0.656,1.542,15.841
4.733,10.488,2.439,3.114,-1.594,-5.541,-78.691,0.837,-1.612,0.000,1.544,0,0.656,1.543,16.130
4.750,10.502,2.412,3.114,-1.685,-5.448,-78.980,0.838,-1.612,0.000,1.545,0,0.655,1.545,16.419
4.767,10.516,2.385,3.114,-1.776,-5.356,-79.269,0.838,-1.612,0.000,1.547,0,0.653,1.547,16.709
4.783,10.530,2.358,3.114,-1.868,-5.264,-79.559,0.837,-1.612,0.000,1.549,0,0.652,1.549,16.998
4.800,10.544,2.331,3.114,-1.960,-5.172,-79.848,0.838,-1.612,0.000,1.551,0,0.651,1.551,17.288
4.817,10.558,2.304,3.114,-2.053,-5.081,-80.138,0.838,-1.612,0.000,1.553,0,0.650,1.553,17.577
4.833,10.571,2.277,3.114,-2.146,-4.991,-80.427,0.837,-1.612,0.000,1.556,0,0.649,1.555,17.867
4.850,10.585,2.251,3.114,-2.240,-4.901,-80.717,0.838,-1.612,0.000,1.558,0,0.648,1.557,18.157
4.867,10.599,2.224,3.114,-2.334,-4.811,-81.007,0.838,-1.612,0.000,1.561,0,0.647,1.560,18.447
4.883,10.613,2.197,3.114,-2.428,-4.722,-81.297,0.837,-1.612,0.000,1.563,0,0.646,1.563,18.737
4.900,10.627,2.170,3.114,-2.523,-4.633,-81.587,0.838,-1.612,0.000,1.566,0,0.645,1.566,19.027
4.917,10.640,2.142,3.114,-2.614,-4.587,-81.883,0.838,-1.612,0.000,1.568,0,0.644,1.567,19.323
4.933,10.652,2.114,3.114,-2.703,-4.554,-82.181,0.755,-1.666,-0.001,1.568,0,0.650,1.568,16.560
4.950,10.663,2.086,3.114,-2.792,-4.520,-82.479,0.703,-1.700,-0.001,1.569,0,0.653,1.568,14.946
4.967,10.675,2.057,3.114,-2.881,-4.488,-82.777,0.703,-1.700,-0.001,1.570,0,0.652,1.569,15.244
4.983,10.687,2.029,3.114,-2.971,-4.456,-83.075,0.703,-1.700,-0.001,1.571,0,0.651,1.570,15.553
5.000,10.699,2.001,3.114,-3.061,-4.424,-83.374,0.703,-1.700,-0.001,1.572,0,0.650,1.572,15.840
5.017,10.710,1.972,3.114,-3.151,-4.393,-83.672,0.703,-1.700,-0.001,1.573,0,0.650,1.573,16.138
5.033,10.722,1.944,3.114,-3.241,-4.362,-83.970,0.703,-1.700,-0.001,1.575,0,0.649,1.574,16.436
5.050,10.734,1.916,3.114,-3.331,-4.331,-84.268,0.703,-1.700,-0.001,1.577,0,0.648,1.576,16.734
5.067,10.745,1.887,3.114,-3.421,-4.302,-84.566,0.703,-1.700,-0.001,1.578,0,0.647,1.578,17.033
5.083,10.757,1.859,3.114,-3.512,-4.272,-84.864,0.703,-1.700,-0.001,1.580,0,0.645,1.580,17.331
5.100,10.769,1.831,3.114,-3.603,-4.243,-85.163,0.703,-1.700,-0.001,1.582,0,0.644,1.582,17.629
5.117,10.781,1.802,3.114,-3.694,-4.215,-85.461,0.703,-1.700,-0.001,1.584,0,0.643,1.584,17.928
5.133,10.792,1.774,3.114,-3.785,-4.187,-85.759,0.703,-1.700,-0.001,1.587,0,0.642,1.586,18.226
5.150,10.804,1.746,3.114,-3.876,-4.159,-86.058,0.703,-1.700,-0.001,1.589,0,0.641,1.589,18.524
5.167,10.814,1.716,3.114,-3.753,-4.190,-86.404,0.703,-1.700,-0.001,1.590,0,0.640,1.589,18.870
5.183,10.823,1.686,3.114,-3.572,-4.236,-86.762,0.599,-1.757,-0.001,1.589,0,0.648,1.589,15.558
5.200,10.832,1.657,3.114,-3.391,-4.280,-87.121,0.537,-1.791,-0.002,1.589,0,0.652,1.589,13.791
5.217,10.841,1.627,3.114,-3.209,-4.323,-87.480,0.537,-1.791,-0.001,1.589,0,0.651,1.589,14.150
5.233,10.850,1.597,3.114,-3.028,-4.365,-87.839,0.537,-1.791,-0.002,1.589,0,0.650,1.589,14.509
5.250,10.859,1.567,3.114,-2.846,-4.406,-88.198,0.537,-1.791,-0.001,1.589,0,0.649,1.589,14.868
5.267,10.868,1.537,3.114,-2.664,-4.446,-88.558,0.537,-1.791,-0.002,1.590,0,0.648,1.589,15.227
5.283,10.877,1.507,3.114,-2.481,-4.485,-88.917,0.537,-1.791,-0.001,1.590,0,0.647,1.590,15.587
5.300,10.886,1.477,3.114,-2.299,-4.522,-89.277,0.537,-1.791,-0.002,1.591,0,0.646,1.591,15.947
5.317,10.894,1.448,3.114,-2.116,-4.559,-89.637,0.537,-1.791,-0.001,1.592,0,0.645,1.592,16.307
5.333,10.903,1.418,3.114,-1.933,-4.594,-89.997,0.537,-1.791,-0.002,1.593,0,0.644,1.593,16.667
5.350,10.912,1.388,3.114,-1.749,-4.628,-90.357,0.537,-1.791,-0.001,1.594,0,0.643,1.594,17.027
5.367,10.921,1.358,3.114,-1.566,-4.661,-90.717,0.537,-1.791,-0.002,1.596,0,0.642,1.595,17.387
5.383,10.930,1.328,3.113,-1.382,-4.693,-91.078,0.537,-1.791,-0.001,1.597,0,0.641,1.597,17.747
5.400,10.939,1.298,3.113,-1.198,-4.724,-91.438,0.537,-1.791,-0.002,1.599,0,0.640,1.598,18.108
5.417,10.947,1.268,3.113,-1.160,-4.731,-91.836,0.537,-1.791,-0.001,1.600,0,0.639,1.599,18.506
5.433,10.954,1.238,3.113,-1.184,-4.729,-92.251,0.463,-1.820,-0.002,1.600,0,0.643,1.599,16.531
5.450,10.962,1.207,3.113,-1.209,-4.727,-92.665,0.440,-1.829,-0.002,1.600,0,0.644,1.600,16.198
5.467,10.969,1.177,3.113,-1.233,-4.725,-93.079,0.440,-1.829,-0.002,1.601,0,0.643,1.600,16.583
5.483,10.976,1.146,3.113,-1.258,-4.724,-93.493,0.440,-1.829,-0.002,1.602,0,0.642,1.601,17.027
5.500,10.984,1.116,3.113,-1.282,-4.722,-93.908,0.440,-1.829,-0.002,1.603,0,0.641,1.602,17.411
5.517,10.991,1.085,3.113,-1.306,-4.721,-94.322,0.440,-1.829,-0.002,1.604,0,0.640,1.603,17.855
5.533,10.998,1.055,3.113,-1.331,-4.720,-94.736,0.440,-1.829,-0.002,1.605,0,0.638,1.605,18.240
5.550,11.006,1.024,3.113,-1.355,-4.719,-95.150,0.440,-1.829,-0.002,1.607,0,0.637,1.606,18.684
5.567,11.013,0.994,3.113,-1.380,-4.718,-95.565,0.440,-1.829,-0.002,1.608,0,0.636,1.608,19.068
5.583,11.020,0.963,3.113,-1.404,-4.718,-95.979,0.440,-1.829,-0.002,1.610,0,0.635,1.610,19.512
5.600,11.028,0.933,3.113,-1.429,-4.717,-96.393,0.440,-1.829,-0.002,1.612,0,0.633,1.612,19.897
5.617,11.035,0.902,3.113,-1.453,-4.717,-96.807,0.440,-1.829,-0.002,1.614,0,0.632,1.614,20.341
5.633,11.042,0.872,3.113,-1.477,-4.717,-97.222,0.440,-1.829,-0.002,1.617,0,0.631,1.616,20.725
5.650,11.050,0.841,3.113,-1.502,-4.717,-97.636,0.440,-1.829,-0.002,1.619,0,0.629,1.619,21.169
5.667,11.056,0.810,3.113,-1.522,-4.713,-98.204,0.440,-1.829,-0.002,1.620,0,0.628,1.620,21.708
5.683,11.061,0.779,3.113,-1.540,-4.707,-98.810,0.362,-1.863,-0.002,1.621,0,0.632,1.621,19.806
5.700,11.066,0.747,3.113,-1.559,-4.702,-99.416,0.319,-1.882,-0.002,1.622,0,0.633,1.622,19.007
5.717,11.072,0.716,3.113,-1.578,-4.696,-100.022,0.319,-1.882,-0.002,1.623,0,0.632,1.623,19.613
5.733,11.077,0.685,3.113,-1.597,-4.691,-100.628,0.319,-1.882,-0.002,1.624,0,0.630,1.624,20.219
5.750,11.082,0.653,3.113,-1.616,-4.687,-101.234,0.319,-1.882,-0.002,1.626,0,0.629,1.625,20.825
5.767,11.087,0.622,3.113,-1.634,-4.682,-101.840,0.319,-1.882,-0.002,1.627,0,0.627,1.627,21.430
5.783,11.093,0.591,3.113,-1.653,-4.678,-102.446,0.319,-1.882,-0.002,1.629,0,0.625,1.629,22.036
5.800,11.098,0.559,3.113,-1.672,-4.674,-103.052,0.319,-1.882,-0.002,1.631,0,0.623,1.631,22.642
5.817,11.103,0.528,3.113,-1.692,-4.670,-103.658,0.319,-1.882,-0.002,1.633,0,0.622,1.633,23.248
5.833,11.109,0.497,3.113,-1.711,-4.666,-104.264,0.319,-1.882,-0.002,1.636,0,0.620,1.635,23.854
5.850,11.114,0.465,3.113,-1.730,-4.662,-104.870,0.319,-1.882,-0.002,1.638,0,0.618,1.638,24.460
5.867,11.119,0.434,3.113,-1.749,-4.659,-105.476,0.319,-1.882,-0.002,1.641,0,0.616,1.640,25.066
5.883,11.125,0.402,3.113,-1.768,-4.656,-106.082,0.319,-1.882,-0.002,1.644,0,0.614,1.643,25.672
5.900,11.130,0.371,3.113,-1.787,-4.653,-106.688,0.319,-1.882,-0.002,1.647,0,0.612,1.646,26.278
5.917,11.134,0.339,3.113,-1.794,-4.646,-107.441,0.319,-1.882,-0.002,1.648,0,0.610,1.648,27.031
5.933,11.137,0.307,3.112,-1.795,-4.639,-108.253,0.234,-1.912,-0.001,1.649,0,0.614,1.649,25.229
5.950,11.140,0.275,3.112,-1.797,-4.631,-109.065,0.170,-1.935,-0.001,1.650,0,0.616,1.650,24.085
5.967,11.142,0.242,3.112,-1.798,-4.624,-109.877,0.170,-1.935,-0.001,1.652,0,0.614,1.651,24.897
5.983,11.145,0.210,3.112,-1.800,-4.616,-110.689,0.170,-1.935,-0.001,1.653,0,0.612,1.653,25.709
6.000,11.148,0.178,3.112,-1.802,-4.608,-111.501,0.170,-1.935,-0.001,1.655,0,0.610,1.654,26.521
6.017,11.151,0.146,3.112,-1.804,-4.601,-112.312,0.170,-1.935,-0.001,1.657,0,0.608,1.656,27.333
6.033,11.154,0.113,3.112,-1.806,-4.593,-113.124,0.170,-1.935,-0.001,1.659,0,0.606,1.658,28.145
6.050,11.157,0.081,3.112,-1.808,-4.586,-113.936,0.170,-1.935,-0.001,1.661,0,0.603,1.661,28.957
6.067,11.159,0.049,3.112,-1.810,-4.578,-114.748,0.170,-1.935,-0.001,1.663,0,0.601,1.663,29.769
6.083,11.162,0.017,3.112,-1.812,-4.571,-115.560,0.170,-1.935,-0.001,1.666,0,0.599,1.666,30.581
6.100,11.165,-0.016,3.112,-1.815,-4.564,-116.372,0.170,-1.935,-0.001,1.669,0,0.597,1.668,31.392
6.117,11.168,-0.048,3.112,-1.817,-4.556,-117.184,0.170,-1.935,-0.001,1.672,0,0.594,1.671,32.204
6.133,11.171,-0.080,3.112,-1.820,-4.549,-117.996,0.170,-1.935,-0.001,1.675,0,0.592,1.675,33.016
6.150,11.174,-0.112,3.112,-1.822,-4.542,-118.808,0.170,-1.935,-0.001,1.679,0,0.589,1.678,33.828
6.167,11.174,-0.144,3.112,-1.814,-4.553,-119.843,0.170,-1.935,-0.001,1.680,0,0.587,1.680,34.863
6.183,11.175,-0.176,3.112,-1.800,-4.573,-120.995,0.051,-1.914,-0.001,1.681,0,0.592,1.681,32.520
6.200,11.175,-0.208,3.112,-1.785,-4.594,-122.147,0.007,-1.907,-0.001,1.682,0,0.592,1.682,32.327
6.217,11.175,-0.240,3.112,-1.769,-4.614,-123.299,0.007,-1.907,-0.001,1.684,0,0.589,1.683,33.509
6.233,11.175,-0.271,3.112,-1.753,-4.633,-124.452,0.007,-1.907,-0.001,1.686,0,0.586,1.685,34.631
6.250,11.175,-0.303,3.112,-1.737,-4.653,-125.604,0.007,-1.907,-0.001,1.687,0,0.583,1.687,35.813
6.267,11.175,-0.335,3.112,-1.721,-4.672,-126.756,0.007,-1.907,-0.001,1.689,0,0.580,1.689,36.936
6.283,11.175,-0.367,3.112,-1.704,-4.690,-127.909,0.007,-1.907,-0.001,1.691,0,0.577,1.691,38.118
6.300,11.175,-0.398,3.112,-1.686,-4.708,-129.061,0.007,-1.907,-0.001,1.694,0,0.574,1.693,39.271
6.317,11.176,-0.430,3.112,-1.669,-4.726,-130.214,0.007,-1.907,-0.001,1.696,0,0.571,1.696,40.393
6.333,11.176,-0.462,3.112,-1.651,-4.744,-131.366,0.007,-1.907,-0.001,1.699,0,0.568,1.699,41.576
6.350,11.176,-0.494,3.112,-1.632,-4.761,-132.519,0.007,-1.907,-0.001,1.702,0,0.565,1.701,42.698
6.367,11.176,-0.526,3.112,-1.614,-4.778,-133.671,0.007,-1.907,-0.001,1.705,0,0.561,1.705,43.881
6.383,11.176,-0.557,3.112,-1.595,-4.795,-134.824,0.007,-1.907,-0.001,1.708,0,0.558,1.708,45.003
6.400,11.176,-0.589,3.112,-1.575,-4.811,-135.976,0.007,-1.907,-0.001,1.712,0,0.555,1.711,46.186
6.417,11.174,-0.621,3.112,-1.583,-4.814,-137.138,0.007,-1.907,-0.001,1.713,0,0.552,1.713,47.317
6.433,11.171,-0.652,3.112,-1.599,-4.815,-138.301,-0.105,-1.896,-0.002,1.714,0,0.557,1.714,45.130
6.450,11.169,-0.684,3.112,-1.614,-4.816,-139.465,-0.172,-1.890,-0.002,1.715,0,0.559,1.715,44.262
6.467,11.166,-0.715,3.112,-1.630,-4.817,-140.629,-0.172,-1.890,-0.002,1.716,0,0.556,1.716,45.425
6.483,11.163,-0.747,3.112,-1.645,-4.818,-141.793,-0.172,-1.890,-0.002,1.718,0,0.553,1.717,46.589
6.500,11.160,-0.778,3.112,-1.661,-4.820,-142.956,-0.172,-1.890,-0.002,1.719,0,0.550,1.719,47.753
6.517,11.157,-0.810,3.112,-1.676,-4.822,-144.120,-0.172,-1.890,-0.002,1.721,0,0.547,1.720,48.916
6.533,11.154,-0.841,3.112,-1.691,-4.825,-145.284,-0.172,-1.890,-0.002,1.723,0,0.544,1.722,50.080
6.550,11.151,-0.873,3.112,-1.707,-4.827,-146.447,-0.172,-1.890,-0.002,1.724,0,0.541,1.724,51.244
6.567,11.148,-0.904,3.112,-1.722,-4.830,-147.611,-0.172,-1.890,-0.002,1.727,0,0.538,1.726,52.408
6.583,11.146,-0.936,3.112,-1.737,-4.834,-148.775,-0.172,-1.890,-0.002,1.729,0,0.535,1.728,53.571
6.600,11.143,-0.967,3.112,-1.752,-4.837,-149.939,-0.172,-1.890,-0.002,1.731,0,0.532,1.731,54.735
6.617,11.140,-0.999,3.112,-1.767,-4.841,-151.102,-0.172,-1.890,-0.002,1.734,0,0.529,1.734,55.899
6.633,11.137,-1.030,3.112,-1.782,-4.846,-152.266,-0.172,-1.890,-0.002,1.737,0,0.526,1.737,57.063
6.650,11.134,-1.062,3.112,-1.797,-4.850,-153.430,-0.172,-1.890,-0.002,1.740,0,0.523,1.740,58.226
6.667,11.130,-1.092,3.112,-1.819,-4.853,-154.267,-0.172,-1.890,-0.002,1.741,0,0.521,1.741,59.063
6.683,11.123,-1.122,3.112,-1.846,-4.855,-154.896,-0.271,-1.834,-0.002,1.741,0,0.526,1.741,56.517
6.700,11.117,-1.151,3.112,-1.873,-4.857,-155.526,-0.372,-1.777,-0.002,1.741,0,0.533,1.740,53.726
6.717,11.111,-1.181,3.112,-1.900,-4.859,-156.155,-0.372,-1.777,-0.002,1.741,0,0.531,1.740,54.356
6.733,11.105,-1.211,3.112,-1.927,-4.862,-156.785,-0.372,-1.777,-0.002,1.741,0,0.530,1.741,54.985
6.750,11.099,-1.240,3.111,-1.954,-4.865,-157.415,-0.372,-1.777,-0.002,1.741,0,0.528,1.741,55.615
6.767,11.092,-1.270,3.111,-1.981,-4.869,-158.044,-0.372,-1.777,-0.002,1.742,0,0.527,1.741,56.245
6.783,11.086,-1.300,3.111,-2.008,-4.872,-158.674,-0.372,-1.777,-0.002,1.742,0,0.525,1.742,56.874
6.800,11.080,-1.329,3.111,-2.035,-4.876,-159.303,-0.372,-1.777,-0.002,1.743,0,0.524,1.743,57.504
6.817,11.074,-1.359,3.111,-2.062,-4.881,-159.933,-0.372,-1.777,-0.002,1.744,0,0.522,1.744,58.133
6.833,11.068,-1.388,3.111,-2.089,-4.885,-160.562,-0.372,-1.777,-0.002,1.745,0,0.520,1.745,58.763
6.850,11.061,-1.418,3.111,-2.116,-4.890,-161.192,-0.372,-1.777,-0.002,1.746,0,0.519,1.746,59.392
6.867,11.055,-1.448,3.111,-2.142,-4.895,-161.821,-0.372,-1.777,-0.002,1.748,0,0.517,1.747,60.022
6.883,11.049,-1.477,3.111,-2.169,-4.900,-162.451,-0.372,-1.777,-0.002,1.749,0,0.515,1.749,60.651
6.900,11.043,-1.507,3.111,-2.196,-4.906,-163.080,-0.372,-1.777,-0.002,1.751,0,0.514,1.750,61.281
6.917,11.035,-1.535,3.111,-2.156,-4.935,-163.389,-0.372,-1.777,-0.002,1.751,0,0.513,1.750,61.589
6.933,11.026,-1.563,3.111,-2.073,-4.980,-163.480,-0.467,-1.715,-0.001,1.749,0,0.521,1.749,58.270
6.950,11.016,-1.590,3.111,-1.989,-5.024,-163.572,-0.570,-1.647,0.000,1.747,0,0.529,1.747,54.512
6.967,11.007,-1.618,3.111,-1.905,-5.068,-163.664,-0.570,-1.647,0.000,1.746,0,0.530,1.745,54.604
6.983,10.997,-1.645,3.111,-1.822,-5.112,-163.755,-0.570,-1.647,0.000,1.744,0,0.530,1.744,54.696
7.000,10.988,-1.673,3.111,-1.738,-5.156,-163.847,-0.570,-1.647,0.000,1.743,0,0.530,1.743,54.788
7.017,10.978,-1.700,3.111,-1.654,-5.200,-163.939,-0.570,-1.647,0.000,1.742,0,0.530,1.741,54.880
7.033,10.969,-1.728,3.111,-1.570,-5.243,-164.031,-0.570,-1.647,0.000,1.741,0,0.530,1.740,54.972
7.050,10.959,-1.755,3.111,-1.485,-5.287,-164.123,-0.570,-1.647,0.000,1.740,0,0.530,1.740,55.064
7.067,10.950,-1.783,3.111,-1.401,-5.330,-164.215,-0.570,-1.647,0.000,1.739,0,0.530,1.739,55.156
7.083,10.940,-1.810,3.111,-1.317,-5.373,-164.307,-0.570,-1.647,0.000,1.739,0,0.530,1.738,55.248
7.100,10.931,-1.837,3.111,-1.232,-5.416,-164.400,-0.570,-1.647,0.000,1.738,0,0.529,1.738,55.340
7.117,10.921,-1.865,3.111,-1.148,-5.459,-164.492,-0.570,-1.647,0.000,1.738,0,0.529,1.737,55.432
7.133,10.912,-1.892,3.111,-1.063,-5.502,-164.584,-0.570,-1.647,0.000,1.738,0,0.529,1.737,55.525
7.150,10.902,-1.920,3.111,-0.979,-5.545,-164.677,-0.570,-1.647,0.000,1.737,0,0.529,1.737,55.617
7.167,10.891,-1.947,3.111,-0.949,-5.568,-164.464,-0.570,-1.647,0.000,1.735,0,0.530,1.735,55.405
7.183,10.878,-1.973,3.111,-0.943,-5.583,-164.111,-0.674,-1.603,0.000,1.732,0,0.540,1.731,51.335
7.200,10.866,-1.999,3.111,-0.938,-5.597,-163.758,-0.758,-1.568,0.001,1.729,0,0.548,1.728,47.943
7.217,10.853,-2.025,3.111,-0.934,-5.612,-163.405,-0.758,-1.568,0.001,1.725,0,0.549,1.725,47.590
7.233,10.840,-2.051,3.111,-0.929,-5.626,-163.051,-0.758,-1.568,0.001,1.722,0,0.551,1.722,47.237
7.250,10.828,-2.077,3.111,-0.924,-5.641,-162.698,-0.758,-1.568,0.001,1.720,0,0.552,1.719,46.884
7.267,10.815,-2.103,3.111,-0.919,-5.656,-162.345,-0.758,-1.568,0.001,1.717,0,0.553,1.716,46.531
7.283,10.802,-2.129,3.111,-0.915,-5.670,-161.992,-0.758,-1.568,0.001,1.714,0,0.555,1.714,46.177
7.300,10.790,-2.156,3.111,-0.910,-5.685,-161.639,-0.758,-1.568,0.001,1.712,0,0.556,1.711,45.824
7.317,10.777,-2.182,3.111,-0.906,-5.700,-161.285,-0.758,-1.568,0.001,1.709,0,0.557,1.709,45.471
7.333,10.765,-2.208,3.111,-0.901,-5.715,-160.932,-0.758,-1.568,0.001,1.707,0,0.558,1.707,45.118
7.350,10.752,-2.234,3.111,-0.897,-5.729,-160.579,-0.758,-1.568,0.001,1.705,0,0.560,1.705,44.764
7.367,10.739,-2.260,3.111,-0.893,-5.744,-160.226,-0.758,-1.568,0.001,1.703,0,0.561,1.703,44.411
7.383,10.727,-2.286,3.111,-0.889,-5.759,-159.872,-0.758,-1.568,0.001,1.702,0,0.562,1.701,44.058
7.400,10.714,-2.312,3.111,-0.885,-5.774,-159.519,-0.758,-1.568,0.001,1.700,0,0.563,1.699,43.705
7.417,10.700,-2.338,3.111,-0.914,-5.764,-159.101,-0.758,-1.568,0.001,1.697,0,0.565,1.696,43.287
7.433,10.684,-2.363,3.111,-0.960,-5.742,-158.649,-0.852,-1.543,0.001,1.692,0,0.573,1.692,39.726
7.450,10.669,-2.389,3.111,-1.007,-5.719,-158.197,-0.937,-1.520,0.001,1.688,0,0.581,1.688,36.528
7.467,10.653,-2.414,3.111,-1.052,-5.695,-157.745,-0.937,-1.520,0.001,1.684,0,0.583,1.683,36.076
7.483,10.637,-2.439,3.111,-1.098,-5.671,-157.293,-0.937,-1.520,0.001,1.680,0,0.585,1.679,35.624
7.500,10.622,-2.465,3.111,-1.144,-5.647,-156.841,-0.937,-1.520,0.001,1.676,0,0.587,1.675,35.172
7.517,10.606,-2.490,3.111,-1.189,-5.623,-156.389,-0.937,-1.520,0.001,1.672,0,0.588,1.672,34.720
7.533,10.590,-2.515,3.112,-1.234,-5.598,-155.937,-0.937,-1.520,0.001,1.669,0,0.590,1.668,34.268
7.550,10.575,-2.541,3.112,-1.279,-5.573,-155.485,-0.937,-1.520,0.001,1.665,0,0.592,1.665,33.816
7.567,10.559,-2.566,3.112,-1.324,-5.547,-155.033,-0.937,-1.520,0.001,1.662,0,0.594,1.661,33.365
7.583,10.544,-2.591,3.112,-1.368,-5.521,-154.581,-0.937,-1.520,0.001,1.659,0,0.595,1.658,32.913
7.600,10.528,-2.617,3.112,-1.413,-5.495,-154.130,-0.937,-1.520,0.001,1.655,0,0.597,1.655,32.461
7.617,10.512,-2.642,3.112,-1.457,-5.468,-153.678,-0.937,-1.520,0.001,1.652,0,0.598,1.652,32.009
7.633,10.497,-2.667,3.112,-1.501,-5.442,-153.226,-0.937,-1.520,0.001,1.650,0,0.600,1.649,31.558
7.650,10.481,-2.693,3.112,-1.545,-5.414,-152.774,-0.937,-1.520,0.001,1.647,0,0.602,1.646,31.106
7.667,10.464,-2.717,3.112,-1.658,-5.372,-152.455,-0.937,-1.520,0.001,1.643,0,0.603,1.642,30.787
7.683,10.446,-2.742,3.112,-1.814,-5.321,-152.215,-1.020,-1.485,0.001,1.638,0,0.611,1.637,27.757
7.700,10.427,-2.766,3.112,-1.969,-5.269,-151.976,-1.099,-1.452,0.001,1.632,0,0.618,1.632,24.834
7.717,10.409,-2.790,3.112,-2.124,-5.216,-151.736,-1.099,-1.452,0.001,1.627,0,0.620,1.627,24.595
7.733,10.391,-2.814,3.112,-2.279,-5.163,-151.497,-1.099,-1.452,0.001,1.622,0,0.621,1.622,24.355
7.750,10.372,-2.838,3.112,-2.434,-5.109,-151.258,-1.099,-1.452,0.001,1.617,0,0.623,1.617,24.116
7.767,10.354,-2.863,3.112,-2.588,-5.054,-151.019,-1.099,-1.452,0.001,1.613,0,0.625,1.612,23.877
7.783,10.336,-2.887,3.112,-2.742,-4.999,-150.780,-1.099,-1.452,0.001,1.608,0,0.626,1.608,23.638
7.800,10.317,-2.911,3.112,-2.896,-4.943,-150.541,-1.099,-1.452,0.001,1.604,0,0.627,1.603,23.400
7.817,10.299,-2.935,3.112,-3.050,-4.886,-150.303,-1.099,-1.452,0.001,1.600,0,0.629,1.599,23.161
7.833,10.281,-2.959,3.112,-3.203,-4.829,-150.064,-1.099,-1.452,0.001,1.595,0,0.630,1.595,22.923
7.850,10.263,-2.984,3.112,-3.356,-4.772,-149.826,-1.099,-1.452,0.001,1.591,0,0.631,1.591,22.684
7.867,10.244,-3.008,3.112,-3.509,-4.713,-149.588,-1.099,-1.452,0.001,1.587,0,0.633,1.587,22.446
7.883,10.226,-3.032,3.112,-3.662,-4.654,-149.350,-1.099,-1.452,0.001,1.583,0,0.634,1.583,22.209
7.900,10.208,-3.056,3.112,-3.814,-4.594,-149.113,-1.099,-1.452,0.001,1.580,0,0.635,1.579,21.971
7.917,10.188,-3.079,3.112,-3.943,-4.559,-149.049,-1.099,-1.452,0.001,1.574,0,0.637,1.574,21.908
7.933,10.167,-3.101,3.112,-4.056,-4.541,-149.097,-1.182,-1.378,0.000,1.567,0,0.646,1.567,18.474
7.950,10.146,-3.123,3.112,-4.169,-4.522,-149.144,-1.267,-1.303,-0.001,1.560,0,0.655,1.560,14.947
7.967,10.124,-3.144,3.112,-4.283,-4.504,-149.192,-1.267,-1.303,-0.001,1.553,0,0.656,1.553,14.994
7.983,10.103,-3.166,3.112,-4.396,-4.485,-149.239,-1.267,-1.303,-0.001,1.547,0,0.657,1.546,15.042
8.000,10.082,-3.188,3.112,-4.510,-4.467,-149.287,-1.267,-1.303,-0.001,1.540,0,0.659,1.539,15.089
8.017,10.061,-3.209,3.112,-4.623,-4.449,-149.335,-1.267,-1.303,-0.001,1.533,0,0.660,1.533,15.137
8.033,10.040,-3.231,3.112,-4.736,-4.431,-149.382,-1.267,-1.303,-0.001,1.527,0,0.661,1.527,15.185
8.050,10.019,-3.253,3.112,-4.850,-4.413,-149.430,-1.267,-1.303,-0.001,1.521,0,0.662,1.520,15.232
8.067,9.998,-3.275,3.112,-4.963,-4.395,-149.478,-1.267,-1.303,-0.001,1.515,0,0.663,1.514,15.280
8.083,9.977,-3.296,3.112,-5.077,-4.377,-149.526,-1.267,-1.303,-0.001,1.509,0,0.664,1.508,15.328
8.100,9.955,-3.318,3.112,-5.190,-4.359,-149.573,-1.267,-1.303,-0.001,1.503,0,0.665,1.502,15.376
8.117,9.934,-3.340,3.112,-5.304,-4.341,-149.621,-1.267,-1.303,-0.001,1.497,0,0.666,1.497,15.424
8.133,9.913,-3.362,3.112,-5.417,-4.324,-149.669,-1.267,-1.303,-0.001,1.491,0,0.667,1.491,15.472
8.150,9.892,-3.383,3.112,-5.531,-4.306,-149.717,-1.267,-1.303,-0.001,1.486,0,0.669,1.485,15.520
8.167,9.870,-3.404,3.112,-5.392,-4.362,-149.849,-1.267,-1.303,-0.001,1.479,0,0.670,1.478,15.651
8.183,9.845,-3.423,3.112,-5.081,-4.465,-150.038,-1.353,-1.236,-0.001,1.470,0,0.678,1.469,12.472
8.200,9.821,-3.443,3.112,-4.769,-4.567,-150.228,-1.446,-1.163,-0.000,1.461,0,0.688,1.460,9.056
8.217,9.797,-3.462,3.112,-4.457,-4.669,-150.418,-1.446,-1.163,-0.000,1.452,0,0.689,1.452,9.247
8.233,9.773,-3.481,3.112,-4.145,-4.769,-150.609,-1.446,-1.163,-0.000,1.443,0,0.690,1.443,9.438
8.250,9.749,-3.501,3.112,-3.833,-4.869,-150.801,-1.446,-1.163,-0.000,1.435,0,0.692,1.434,9.629
8.267,9.725,-3.520,3.112,-3.520,-4.967,-150.993,-1.446,-1.163,-0.000,1.426,0,0.693,1.426,9.821
8.283,9.701,-3.540,3.112,-3.207,-5.064,-151.185,-1.446,-1.163,-0.000,1.418,0,0.694,1.418,10.014
8.300,9.677,-3.559,3.112,-2.893,-5.160,-151.378,-1.446,-1.163,-0.000,1.410,0,0.695,1.410,10.207
8.317,9.653,-3.578,3.112,-2.579,-5.256,-151.572,-1.446,-1.163,-0.000,1.402,0,0.697,1.401,10.401
8.333,9.629,-3.598,3.112,-2.265,-5.350,-151.766,-1.446,-1.163,-0.000,1.394,0,0.698,1.394,10.595
8.350,9.604,-3.617,3.112,-1.950,-5.443,-151.961,-1.446,-1.163,-0.000,1.386,0,0.699,1.386,10.790
8.367,9.580,-3.637,3.112,-1.635,-5.535,-152.157,-1.446,-1.163,-0.000,1.379,0,0.700,1.378,10.985
8.383,9.556,-3.656,3.112,-1.319,-5.626,-152.352,-1.446,-1.163,-0.000,1.371,0,0.701,1.371,11.181
8.400,9.532,-3.675,3.112,-1.004,-5.715,-152.549,-1.446,-1.163,-0.000,1.364,0,0.702,1.363,11.377
8.417,9.507,-3.694,3.112,-1.012,-5.684,-152.731,-1.446,-1.163,-0.000,1.355,0,0.703,1.355,11.560
8.433,9.481,-3.713,3.112,-1.242,-5.572,-152.905,-1.527,-1.129,-0.001,1.346,0,0.710,1.345,9.357
8.450,9.455,-3.731,3.112,-1.473,-5.460,-153.078,-1.565,-1.113,-0.001,1.337,0,0.714,1.336,8.491
8.467,9.428,-3.750,3.112,-1.703,-5.350,-153.252,-1.565,-1.113,-0.001,1.328,0,0.715,1.327,8.665
8.483,9.402,-3.768,3.112,-1.934,-5.239,-153.427,-1.565,-1.113,-0.001,1.319,0,0.717,1.318,8.839
8.500,9.376,-3.787,3.112,-2.165,-5.130,-153.602,-1.565,-1.113,-0.001,1.310,0,0.718,1.310,9.014
8.517,9.350,-3.805,3.111,-2.396,-5.021,-153.777,-1.565,-1.113,-0.001,1.302,0,0.719,1.301,9.189
8.533,9.324,-3.824,3.111,-2.628,-4.913,-153.953,-1.565,-1.113,-0.001,1.293,0,0.721,1.293,9.365
8.550,9.298,-3.843,3.111,-2.860,-4.806,-154.129,-1.565,-1.113,-0.001,1.285,0,0.722,1.284,9.541
8.567,9.272,-3.861,3.111,-3.092,-4.699,-154.305,-1.565,-1.113,-0.001,1.277,0,0.723,1.276,9.718
8.583,9.246,-3.880,3.111,-3.324,-4.593,-154.482,-1.565,-1.113,-0.001,1.269,0,0.724,1.268,9.895
8.600,9.220,-3.898,3.111,-3.557,-4.488,-154.659,-1.565,-1.113,-0.001,1.261,0,0.726,1.260,10.072
8.617,9.194,-3.917,3.111,-3.790,-4.384,-154.837,-1.565,-1.113,-0.001,1.253,0,0.727,1.253,10.250
8.633,9.168,-3.935,3.111,-4.024,-4.280,-155.015,-1.565,-1.113,-0.001,1.246,0,0.728,1.245,10.428
8.650,9.142,-3.954,3.111,-4.257,-4.177,-155.194,-1.565,-1.113,-0.001,1.238,0,0.729,1.238,10.606
8.667,9.115,-3.971,3.111,-4.262,-4.176,-155.279,-1.565,-1.113,-0.001,1.229,0,0.730,1.229,10.692
8.683,9.087,-3.987,3.111,-4.146,-4.228,-155.316,-1.625,-1.030,-0.001,1.219,0,0.739,1.218,7.674
8.700,9.059,-4.003,3.111,-4.030,-4.281,-155.352,-1.680,-0.954,-0.001,1.208,0,0.747,1.208,4.931
8.717,9.031,-4.019,3.111,-3.913,-4.334,-155.388,-1.680,-0.954,-0.001,1.198,0,0.749,1.198,4.967
8.733,9.003,-4.035,3.111,-3.797,-4.386,-155.425,-1.680,-0.954,-0.001,1.188,0,0.751,1.188,5.004
8.750,8.975,-4.050,3.111,-3.680,-4.439,-155.462,-1.680,-0.954,-0.001,1.178,0,0.753,1.178,5.040
8.767,8.947,-4.066,3.111,-3.564,-4.491,-155.499,-1.680,-0.954,-0.001,1.169,0,0.755,1.168,5.077
8.783,8.919,-4.082,3.111,-3.447,-4.543,-155.536,-1.680,-0.954,-0.001,1.159,0,0.757,1.158,5.114
8.800,8.891,-4.098,3.111,-3.331,-4.596,-155.573,-1.680,-0.954,-0.001,1.149,0,0.759,1.149,5.151
8.817,8.863,-4.114,3.111,-3.214,-4.648,-155.610,-1.680,-0.954,-0.001,1.140,0,0.760,1.140,5.188
8.833,8.835,-4.130,3.111,-3.097,-4.700,-155.647,-1.680,-0.954,-0.001,1.131,0,0.762,1.130,5.225
8.850,8.807,-4.146,3.111,-2.981,-4.752,-155.684,-1.680,-0.954,-0.001,1.122,0,0.764,1.121,5.263
8.867,8.779,-4.162,3.111,-2.864,-4.804,-155.722,-1.680,-0.954,-0.001,1.113,0,0.766,1.112,5.300
8.883,8.751,-4.178,3.111,-2.747,-4.856,-155.759,-1.680,-0.954,-0.001,1.104,0,0.767,1.104,5.338
8.900,8.723,-4.193,3.111,-2.630,-4.907,-155.797,-1.680,-0.954,-0.001,1.095,0,0.769,1.095,5.376
8.917,8.694,-4.209,3.111,-2.523,-4.942,-155.769,-1.680,-0.954,-0.001,1.086,0,0.771,1.085,5.348
8.933,8.664,-4.223,3.111,-2.421,-4.967,-155.702,-1.731,-0.911,-0.000,1.075,0,0.777,1.075,3.432
8.950,8.634,-4.238,3.111,-2.319,-4.992,-155.635,-1.784,-0.867,0.000,1.065,0,0.784,1.064,1.553
8.967,8.604,-4.252,3.111,-2.217,-5.017,-155.568,-1.784,-0.867,0.000,1.054,0,0.786,1.054,1.486
8.983,8.575,-4.266,3.111,-2.116,-5.042,-155.501,-1.784,-0.867,0.000,1.044,0,0.788,1.043,1.419
9.000,8.545,-4.281,3.111,-2.014,-5.068,-155.433,-1.784,-0.867,0.000,1.034,0,0.790,1.033,1.352
9.017,8.515,-4.295,3.111,-1.912,-5.093,-155.366,-1.784,-0.867,0.000,1.024,0,0.793,1.023,1.285
9.033,8.485,-4.310,3.111,-1.811,-5.119,-155.299,-1.784,-0.867,0.000,1.014,0,0.794,1.014,1.218
9.050,8.456,-4.324,3.111,-1.709,-5.145,-155.232,-1.784,-0.867,0.000,1.005,0,0.797,1.004,1.151
9.067,8.426,-4.339,3.111,-1.607,-5.170,-155.166,-1.784,-0.867,0.000,0.995,0,0.799,0.995,1.084
9.083,8.396,-4.353,3.111,-1.506,-5.196,-155.099,-1.784,-0.867,0.000,0.986,0,0.801,0.985,1.017
9.100,8.367,-4.368,3.111,-1.404,-5.222,-155.032,-1.784,-0.867,0.000,0.976,0,0.803,0.976,0.950
9.117,8.337,-4.382,3.111,-1.303,-5.249,-154.965,-1.784,-0.867,0.000,0.967,0,0.805,0.967,0.884
9.133,8.307,-4.397,3.111,-1.201,-5.275,-154.898,-1.784,-0.867,0.000,0.959,0,0.807,0.958,0.817
9.150,8.277,-4.411,3.111,-1.100,-5.301,-154.832,-1.784,-0.867,0.000,0.950,0,0.809,0.949,0.750
9.167,8.246,-4.425,3.111,-1.168,-5.277,-154.748,-1.784,-0.867,0.000,0.940,0,0.811,0.940,0.666
9.183,8.214,-4.440,3.111,-1.316,-5.228,-154.656,-1.860,-0.864,0.000,0.930,0,0.813,0.930,0.443
9.200,8.182,-4.454,3.111,-1.463,-5.179,-154.564,-1.921,-0.861,-0.000,0.920,0,0.813,0.920,1.283
9.217,8.150,-4.468,3.111,-1.610,-5.130,-154.473,-1.921,-0.861,-0.000,0.911,0,0.815,0.910,1.375
9.233,8.118,-4.483,3.111,-1.757,-5.081,-154.381,-1.921,-0.861,-0.000,0.901,0,0.817,0.901,1.467
9.250,8.086,-4.497,3.111,-1.905,-5.031,-154.290,-1.921,-0.861,-0.000,0.892,0,0.818,0.891,1.558
9.267,8.054,-4.512,3.111,-2.052,-4.981,-154.198,-1.921,-0.861,-0.000,0.883,0,0.820,0.882,1.649
9.283,8.022,-4.526,3.111,-2.198,-4.931,-154.107,-1.921,-0.861,-0.000,0.874,0,0.822,0.873,1.740
9.300,7.990,-4.540,3.111,-2.345,-4.881,-154.016,-1.921,-0.861,-0.000,0.865,0,0.823,0.864,1.831
9.317,7.958,-4.555,3.111,-2.492,-4.830,-153.925,-1.921,-0.861,-0.000,0.856,0,0.825,0.856,1.922
9.333,7.926,-4.569,3.111,-2.638,-4.780,-153.835,-1.921,-0.861,-0.000,0.848,0,0.826,0.847,2.013
9.350,7.894,-4.583,3.111,-2.785,-4.729,-153.744,-1.921,-0.861,-0.000,0.839,0,0.828,0.839,2.103
9.367,7.862,-4.598,3.111,-2.931,-4.677,-153.654,-1.921,-0.861,-0.000,0.831,0,0.829,0.831,2.194
9.383,7.830,-4.612,3.111,-3.078,-4.626,-153.564,-1.921,-0.861,-0.000,0.823,0,0.830,0.823,2.284
9.400,7.798,-4.626,3.111,-3.224,-4.574,-153.473,-1.921,-0.861,-0.000,0.815,0,0.832,0.815,2.374
9.417,7.766,-4.639,3.111,-3.316,-4.524,-153.420,-1.921,-0.861,-0.000,0.806,0,0.834,0.805,2.427
9.433,7.733,-4.651,3.111,-3.397,-4.473,-153.374,-1.947,-0.741,0.000,0.796,0,0.828,0.796,5.816
9.450,7.701,-4.663,3.111,-3.478,-4.422,-153.328,-1.950,-0.726,0.000,0.787,0,0.829,0.787,6.278
9.467,7.668,-4.675,3.111,-3.560,-4.372,-153.282,-1.950,-0.726,0.000,0.778,0,0.831,0.777,6.324
9.483,7.636,-4.687,3.111,-3.641,-4.321,-153.236,-1.950,-0.726,0.000,0.769,0,0.832,0.768,6.370
9.500,7.603,-4.699,3.111,-3.722,-4.270,-153.190,-1.950,-0.726,0.000,0.760,0,0.834,0.759,6.416
9.517,7.571,-4.711,3.111,-3.803,-4.219,-153.144,-1.950,-0.726,0.000,0.751,0,0.835,0.751,6.461
9.533,7.538,-4.723,3.111,-3.884,-4.168,-153.098,-1.950,-0.725,0.000,0.743,0,0.837,0.742,6.507
9.550,7.506,-4.735,3.111,-3.965,-4.117,-153.053,-1.950,-0.726,0.000,0.734,0,0.839,0.734,6.553
9.567,7.473,-4.748,3.111,-4.046,-4.066,-153.007,-1.950,-0.726,0.000,0.726,0,0.840,0.726,6.599
9.583,7.441,-4.760,3.111,-4.127,-4.015,-152.961,-1.950,-0.726,0.000,0.718,0,0.842,0.718,6.644
9.600,7.408,-4.772,3.111,-4.208,-3.964,-152.916,-1.950,-0.726,0.000,0.711,0,0.843,0.710,6.690
9.617,7.376,-4.784,3.111,-4.289,-3.913,-152.871,-1.950,-0.726,0.000,0.703,0,0.845,0.702,6.735
9.633,7.343,-4.796,3.111,-4.370,-3.861,-152.825,-1.950,-0.726,0.000,0.696,0,0.846,0.695,6.780
9.650,7.311,-4.808,3.111,-4.451,-3.810,-152.780,-1.950,-0.726,0.000,0.688,0,0.847,0.688,6.825
9.667,7.277,-4.818,3.111,-4.458,-3.779,-152.910,-1.950,-0.726,0.000,0.679,0,0.849,0.679,6.696
9.683,7.243,-4.828,3.111,-4.459,-3.750,-153.055,-2.014,-0.616,0.001,0.669,0,0.844,0.669,9.931
9.700,7.209,-4.838,3.111,-4.460,-3.721,-153.200,-2.037,-0.579,0.001,0.660,0,0.844,0.659,10.951
9.717,7.175,-4.847,3.111,-4.461,-3.692,-153.346,-2.036,-0.578,0.001,0.651,0,0.846,0.650,10.806
9.733,7.141,-4.857,3.111,-4.462,-3.663,-153.491,-2.036,-0.578,0.001,0.642,0,0.848,0.641,10.661
9.750,7.107,-4.866,3.111,-4.464,-3.634,-153.636,-2.036,-0.578,0.001,0.633,0,0.850,0.632,10.515
9.767,7.073,-4.876,3.111,-4.465,-3.605,-153.781,-2.036,-0.578,0.001,0.624,0,0.852,0.623,10.370
9.783,7.039,-4.886,3.111,-4.466,-3.576,-153.927,-2.036,-0.578,0.001,0.615,0,0.854,0.615,10.225
9.800,7.006,-4.895,3.111,-4.468,-3.547,-154.072,-2.036,-0.578,0.001,0.607,0,0.856,0.607,10.079
9.817,6.972,-4.905,3.111,-4.469,-3.518,-154.217,-2.036,-0.578,0.001,0.599,0,0.858,0.598,9.934
9.833,6.938,-4.915,3.111,-4.471,-3.489,-154.363,-2.036,-0.578,0.001,0.591,0,0.860,0.590,9.789
9.850,6.904,-4.924,3.111,-4.472,-3.460,-154.508,-2.036,-0.578,0.001,0.583,0,0.862,0.583,9.643
9.867,6.870,-4.934,3.111,-4.474,-3.431,-154.653,-2.036,-0.578,0.001,0.576,0,0.864,0.575,9.498
9.883,6.836,-4.944,3.111,-4.476,-3.402,-154.799,-2.036,-0.578,0.001,0.568,0,0.866,0.568,9.353
9.900,6.802,-4.953,3.111,-4.478,-3.373,-154.944,-2.036,-0.578,0.001,0.561,0,0.867,0.561,9.208
9.917,6.767,-4.961,3.111,-4.457,-3.383,-155.606,-2.036,-0.578,0.001,0.552,0,0.871,0.552,8.546
9.933,6.732,-4.969,3.111,-4.430,-3.403,-156.397,-2.093,-0.485,-0.001,0.543,0,0.868,0.542,10.582
9.950,6.696,-4.976,3.111,-4.403,-3.423,-157.189,-2.125,-0.432,-0.002,0.534,0,0.868,0.533,11.347
9.967,6.661,-4.983,3.111,-4.376,-3.442,-157.980,-2.125,-0.432,-0.002,0.524,0,0.872,0.524,10.555
9.983,6.625,-4.990,3.111,-4.348,-3.461,-158.772,-2.125,-0.432,-0.002,0.516,0,0.875,0.515,9.764
10.000,6.590,-4.997,3.111,-4.320,-3.480,-159.563,-2.125,-0.432,-0.002,0.507,0,0.879,0.506,8.972
10.017,6.554,-5.005,3.111,-4.292,-3.498,-160.355,-2.125,-0.432,-0.002,0.498,0,0.882,0.498,8.181
10.033,6.519,-5.012,3.111,-4.264,-3.516,-161.146,-2.125,-0.432,-0.002,0.490,0,0.886,0.490,7.389
10.050,6.484,-5.019,3.111,-4.235,-3.534,-161.938,-2.125,-0.432,-0.002,0.482,0,0.889,0.482,6.597
10.067,6.448,-5.026,3.111,-4.206,-3.551,-162.730,-2.125,-0.432,-0.002,0.474,0,0.892,0.474,5.806
10.083,6.413,-5.033,3.111,-4.177,-3.567,-163.521,-2.125,-0.432,-0.002,0.467,0,0.896,0.466,5.014
10.100,6.377,-5.041,3.111,-4.148,-3.584,-164.313,-2.125,-0.432,-0.002,0.460,0,0.899,0.459,4.222
10.117,6.342,-5.048,3.111,-4.118,-3.599,-165.105,-2.125,-0.432,-0.002,0.452,0,0.902,0.452,3.431
10.133,6.307,-5.055,3.111,-4.089,-3.615,-165.896,-2.125,-0.432,-0.002,0.446,0,0.905,0.445,2.639
10.150,6.271,-5.062,3.111,-4.059,-3.630,-166.688,-2.125,-0.432,-0.002,0.439,0,0.908,0.438,1.847
10.167,6.236,-5.067,3.111,-4.039,-3.644,-167.911,-2.125,-0.432,-0.002,0.431,0,0.913,0.430,0.624
10.183,6.201,-5.072,3.111,-4.023,-3.656,-169.310,-2.112,-0.302,-0.002,0.422,0,0.910,0.422,2.576
10.200,6.166,-5.076,3.111,-4.007,-3.669,-170.708,-2.108,-0.263,-0.002,0.414,0,0.913,0.413,2.205
10.217,6.131,-5.080,3.111,-3.990,-3.681,-172.106,-2.108,-0.263,-0.002,0.406,0,0.917,0.405,0.807
10.233,6.095,-5.085,3.111,-3.974,-3.693,-173.504,-2.108,-0.263,-0.002,0.398,0,0.919,0.397,0.592
10.250,6.060,-5.089,3.111,-3.957,-3.704,-174.902,-2.108,-0.263,-0.002,0.390,0,0.918,0.390,1.990
10.267,6.025,-5.093,3.111,-3.939,-3.715,-176.301,-2.108,-0.263,-0.002,0.383,0,0.916,0.382,3.388
10.283,5.990,-5.098,3.111,-3.922,-3.725,-177.699,-2.108,-0.263,-0.002,0.375,0,0.914,0.375,4.786
10.300,5.955,-5.102,3.111,-3.904,-3.736,-179.097,-2.108,-0.263,-0.002,0.368,0,0.913,0.368,6.185
10.317,5.920,-5.107,3.111,-3.886,-3.745,179.504,-2.107,-0.263,-0.002,0.362,0,0.911,0.361,7.584
10.333,5.885,-5.111,3.111,-3.868,-3.754,178.106,-2.108,-0.263,-0.002,0.355,0,0.909,0.355,8.980
10.350,5.850,-5.115,3.111,-3.849,-3.763,176.707,-2.108,-0.263,-0.002,0.349,0,0.907,0.348,10.381
10.367,5.814,-5.120,3.111,-3.831,-3.771,175.309,-2.108,-0.263,-0.002,0.343,0,0.905,0.342,11.779
10.383,5.779,-5.124,3.110,-3.812,-3.779,173.911,-2.108,-0.263,-0.002,0.337,0,0.903,0.337,13.178
10.400,5.744,-5.128,3.110,-3.793,-3.786,172.512,-2.108,-0.263,-0.002,0.332,0,0.901,0.331,14.576
10.417,5.709,-5.131,3.110,-3.822,-3.775,171.006,-2.108,-0.263,-0.002,0.325,0,0.899,0.324,16.082
10.433,5.674,-5.132,3.110,-3.862,-3.762,169.478,-2.109,-0.138,-0.001,0.317,0,0.905,0.316,14.240
10.450,5.639,-5.133,3.110,-3.903,-3.749,167.950,-2.109,-0.076,-0.001,0.309,0,0.907,0.309,14.087
10.467,5.604,-5.135,3.110,-3.943,-3.737,166.422,-2.109,-0.076,-0.001,0.302,0,0.905,0.301,15.615
10.483,5.568,-5.136,3.110,-3.984,-3.727,164.894,-2.109,-0.076,-0.001,0.295,0,0.903,0.294,17.143
10.500,5.533,-5.137,3.110,-4.025,-3.717,163.366,-2.109,-0.076,-0.001,0.288,0,0.901,0.288,18.671
10.517,5.498,-5.138,3.110,-4.067,-3.709,161.839,-2.109,-0.076,-0.001,0.281,0,0.899,0.281,20.199
10.533,5.463,-5.140,3.110,-4.108,-3.702,160.311,-2.109,-0.076,-0.001,0.275,0,0.897,0.275,21.727
10.550,5.428,-5.141,3.110,-4.150,-3.696,158.783,-2.109,-0.076,-0.001,0.269,0,0.895,0.269,23.255
10.567,5.393,-5.142,3.110,-4.192,-3.691,157.255,-2.109,-0.076,-0.001,0.263,0,0.892,0.263,24.783
10.583,5.358,-5.143,3.110,-4.234,-3.687,155.727,-2.109,-0.076,-0.001,0.258,0,0.890,0.257,26.311
10.600,5.322,-5.145,3.110,-4.276,-3.684,154.199,-2.109,-0.076,-0.001,0.253,0,0.888,0.252,27.839
10.617,5.287,-5.146,3.110,-4.319,-3.683,152.671,-2.109,-0.076,-0.001,0.248,0,0.885,0.247,29.367
10.633,5.252,-5.147,3.110,-4.361,-3.682,151.143,-2.109,-0.076,-0.001,0.243,0,0.883,0.243,30.895
10.650,5.217,-5.148,3.110,-4.403,-3.683,149.615,-2.109,-0.076,-0.001,0.239,0,0.880,0.238,32.422
10.667,5.183,-5.148,3.110,-4.414,-3.684,148.347,-2.109,-0.076,-0.001,0.233,0,0.879,0.232,33.691
10.683,5.149,-5.145,3.110,-4.408,-3.685,147.225,-2.053,0.039,-0.000,0.226,0,0.884,0.226,31.687
10.700,5.116,-5.143,3.110,-4.401,-3.685,146.104,-1.998,0.152,0.000,0.219,0,0.890,0.219,29.574
10.717,5.083,-5.140,3.110,-4.394,-3.686,144.983,-1.998,0.152,0.000,0.213,0,0.889,0.213,30.695
10.733,5.049,-5.138,3.110,-4.388,-3.686,143.862,-1.998,0.151,0.000,0.207,0,0.888,0.207,31.816
10.750,5.016,-5.135,3.110,-4.381,-3.687,142.741,-1.998,0.152,0.000,0.201,0,0.887,0.201,32.937
10.767,4.983,-5.133,3.110,-4.374,-3.687,141.620,-1.998,0.151,0.000,0.196,0,0.885,0.195,34.058
10.783,4.950,-5.130,3.110,-4.367,-3.687,140.499,-1.998,0.151,0.000,0.191,0,0.884,0.190,35.180
10.800,4.916,-5.128,3.110,-4.361,-3.687,139.378,-1.998,0.152,0.000,0.186,0,0.882,0.185,36.301
10.817,4.883,-5.125,3.110,-4.354,-3.687,138.257,-1.998,0.152,0.000,0.181,0,0.881,0.180,37.422
10.833,4.850,-5.122,3.110,-4.347,-3.687,137.135,-1.998,0.151,0.000,0.177,0,0.879,0.176,38.543
10.850,4.816,-5.120,3.110,-4.341,-3.686,136.014,-1.998,0.152,0.000,0.172,0,0.877,0.172,39.664
10.867,4.783,-5.117,3.110,-4.334,-3.686,134.893,-1.998,0.151,0.000,0.169,0,0.876,0.168,40.785
10.883,4.750,-5.115,3.110,-4.327,-3.685,133.772,-1.998,0.152,0.000,0.165,0,0.874,0.165,41.906
10.900,4.716,-5.112,3.110,-4.321,-3.684,132.651,-1.998,0.151,0.000,0.162,0,0.872,0.161,43.027
10.917,4.684,-5.108,3.110,-4.293,-3.681,132.088,-1.998,0.151,0.000,0.157,0,0.872,0.157,43.590
10.933,4.654,-5.102,3.110,-4.252,-3.677,131.885,-1.924,0.256,-0.000,0.152,0,0.880,0.152,40.533
10.950,4.623,-5.096,3.110,-4.211,-3.672,131.681,-1.846,0.365,-0.001,0.147,0,0.888,0.147,37.134
10.967,4.592,-5.090,3.110,-4.170,-3.667,131.478,-1.846,0.365,-0.001,0.143,0,0.889,0.142,37.338
10.983,4.561,-5.084,3.110,-4.129,-3.662,131.274,-1.846,0.365,-0.001,0.139,0,0.889,0.138,37.541
11.000,4.530,-5.078,3.110,-4.088,-3.657,131.071,-1.846,0.365,-0.001,0.135,0,0.889,0.134,37.745
11.017,4.500,-5.072,3.110,-4.047,-3.652,130.868,-1.846,0.365,-0.001,0.131,0,0.889,0.131,37.948
11.033,4.469,-5.065,3.110,-4.006,-3.646,130.664,-1.846,0.365,-0.001,0.128,0,0.890,0.128,38.151
11.050,4.438,-5.059,3.110,-3.965,-3.641,130.461,-1.846,0.365,-0.001,0.125,0,0.890,0.125,38.355
11.067,4.407,-5.053,3.110,-3.924,-3.635,130.257,-1.846,0.365,-0.001,0.123,0,0.890,0.122,38.558
11.083,4.377,-5.047,3.110,-3.883,-3.629,130.054,-1.846,0.365,-0.001,0.121,0,0.890,0.120,38.762
11.100,4.346,-5.041,3.110,-3.842,-3.623,129.850,-1.846,0.365,-0.001,0.119,0,0.890,0.118,38.965
11.117,4.315,-5.035,3.110,-3.801,-3.617,129.647,-1.846,0.365,-0.001,0.117,0,0.890,0.116,39.168
11.133,4.284,-5.029,3.110,-3.760,-3.611,129.444,-1.846,0.365,-0.001,0.116,0,0.890,0.115,39.372
11.150,4.254,-5.023,3.110,-3.719,-3.604,129.240,-1.846,0.365,-0.001,0.114,0,0.889,0.114,39.575
11.167,4.224,-5.015,3.110,-3.692,-3.599,129.435,-1.846,0.365,-0.001,0.113,0,0.890,0.112,39.380
11.183,4.195,-5.006,3.110,-3.675,-3.594,129.903,-1.795,0.451,-0.000,0.112,0,0.898,0.111,35.987
11.200,4.166,-4.997,3.110,-3.658,-3.590,130.371,-1.738,0.546,0.000,0.111,0,0.906,0.110,32.180
11.217,4.137,-4.988,3.110,-3.640,-3.585,130.838,-1.738,0.546,0.000,0.110,0,0.908,0.110,31.712
11.233,4.108,-4.979,3.110,-3.623,-3.581,131.306,-1.738,0.546,0.000,0.110,0,0.909,0.110,31.244
11.250,4.079,-4.970,3.110,-3.605,-3.577,131.774,-1.738,0.546,0.000,0.110,0,0.910,0.110,30.777
11.267,4.050,-4.961,3.110,-3.588,-3.573,132.242,-1.738,0.546,0.000,0.111,0,0.911,0.110,30.309
11.283,4.021,-4.952,3.110,-3.570,-3.569,132.709,-1.738,0.546,0.000,0.112,0,0.911,0.111,29.841
11.300,3.992,-4.943,3.110,-3.553,-3.565,133.177,-1.738,0.546,0.000,0.113,0,0.912,0.112,29.373
11.317,3.963,-4.933,3.110,-3.535,-3.562,133.645,-1.738,0.546,0.000,0.114,0,0.913,0.113,28.906
11.333,3.934,-4.924,3.110,-3.517,-3.558,134.113,-1.738,0.546,0.000,0.115,0,0.914,0.115,28.438
11.350,3.905,-4.915,3.110,-3.500,-3.555,134.580,-1.738,0.546,0.000,0.117,0,0.915,0.116,27.970
11.367,3.876,-4.906,3.110,-3.482,-3.552,135.048,-1.738,0.546,0.000,0.118,0,0.915,0.118,27.502
11.383,3.847,-4.897,3.110,-3.464,-3.549,135.516,-1.738,0.546,0.000,0.120,0,0.916,0.119,27.035
11.400,3.818,-4.888,3.110,-3.447,-3.546,135.984,-1.738,0.546,0.000,0.121,0,0.917,0.121,26.567
11.417,3.791,-4.877,3.110,-3.420,-3.547,136.596,-1.738,0.546,0.000,0.124,0,0.918,0.123,25.955
11.433,3.764,-4.865,3.110,-3.390,-3.549,137.275,-1.645,0.654,0.001,0.127,0,0.928,0.126,21.074
11.450,3.737,-4.854,3.110,-3.360,-3.553,137.955,-1.613,0.691,0.001,0.130,0,0.932,0.130,18.842
11.466,3.710,-4.842,3.110,-3.329,-3.556,138.635,-1.613,0.691,0.001,0.133,0,0.933,0.133,18.162
11.483,3.683,-4.831,3.110,-3.299,-3.560,139.315,-1.613,0.691,0.001,0.137,0,0.934,0.136,17.483
11.500,3.656,-4.819,3.110,-3.269,-3.564,139.995,-1.613,0.691,0.001,0.140,0,0.935,0.140,16.803
11.516,3.629,-4.808,3.110,-3.239,-3.569,140.674,-1.613,0.691,0.001,0.143,0,0.936,0.143,16.123
11.533,3.603,-4.796,3.110,-3.209,-3.574,141.354,-1.613,0.691,0.001,0.147,0,0.936,0.146,15.443
11.550,3.576,-4.785,3.110,-3.179,-3.579,142.034,-1.613,0.691,0.001,0.150,0,0.937,0.150,14.763
11.566,3.549,-4.773,3.110,-3.149,-3.585,142.714,-1.613,0.691,0.001,0.154,0,0.938,0.153,14.084
11.583,3.522,-4.762,3.110,-3.119,-3.591,143.394,-1.613,0.691,0.001,0.157,0,0.939,0.156,13.404
11.600,3.495,-4.750,3.110,-3.089,-3.597,144.073,-1.613,0.691,0.001,0.160,0,0.940,0.159,12.724
11.616,3.468,-4.739,3.110,-3.059,-3.604,144.753,-1.613,0.691,0.001,0.163,0,0.941,0.162,12.044
11.633,3.441,-4.727,3.110,-3.030,-3.611,145.433,-1.613,0.691,0.001,0.166,0,0.942,0.165,11.365
11.650,3.414,-4.716,3.110,-3.000,-3.618,146.113,-1.613,0.691,0.001,0.169,0,0.943,0.168,10.685
11.666,3.388,-4.703,3.110,-2.964,-3.626,146.617,-1.613,0.691,0.001,0.173,0,0.943,0.172,10.180
11.683,3.362,-4.689,3.110,-2.927,-3.634,147.078,-1.588,0.785,0.001,0.178,0,0.950,0.177,6.618
11.700,3.335,-4.675,3.111,-2.890,-3.642,147.538,-1.574,0.839,0.001,0.182,0,0.954,0.182,4.404
11.716,3.309,-4.661,3.111,-2.853,-3.651,147.998,-1.574,0.839,0.001,0.187,0,0.954,0.186,3.944
11.733,3.283,-4.647,3.111,-2.816,-3.660,148.458,-1.574,0.839,0.001,0.191,0,0.954,0.190,3.483
11.750,3.257,-4.633,3.111,-2.779,-3.670,148.918,-1.574,0.839,0.001,0.195,0,0.954,0.195,3.023
11.766,3.230,-4.619,3.111,-2.742,-3.679,149.379,-1.574,0.839,0.001,0.199,0,0.955,0.199,2.563
11.783,3.204,-4.605,3.111,-2.705,-3.689,149.839,-1.574,0.839,0.001,0.203,0,0.955,0.203,2.103
11.800,3.178,-4.591,3.111,-2.668,-3.699,150.299,-1.574,0.839,0.001,0.207,0,0.955,0.207,1.642
11.816,3.152,-4.577,3.111,-2.632,-3.710,150.759,-1.574,0.839,0.001,0.211,0,0.955,0.211,1.182
11.833,3.126,-4.563,3.111,-2.595,-3.721,151.220,-1.574,0.839,0.001,0.215,0,0.956,0.214,0.722
11.850,3.099,-4.549,3.111,-2.558,-3.732,151.680,-1.574,0.839,0.001,0.218,0,0.956,0.218,0.262
11.866,3.073,-4.535,3.111,-2.522,-3.743,152.140,-1.574,0.839,0.001,0.222,0,0.955,0.221,0.198
11.883,3.047,-4.521,3.111,-2.486,-3.755,152.600,-1.574,0.839,0.001,0.225,0,0.954,0.224,0.659
11.900,3.021,-4.507,3.111,-2.449,-3.767,153.060,-1.574,0.839,0.001,0.228,0,0.952,0.227,1.119
11.916,2.995,-4.492,3.111,-2.528,-3.739,153.225,-1.574,0.839,0.001,0.232,0,0.951,0.232,1.283
11.933,2.970,-4.476,3.111,-2.654,-3.694,153.268,-1.530,0.916,-0.000,0.237,0,0.944,0.236,4.165
11.950,2.945,-4.460,3.111,-2.779,-3.648,153.311,-1.517,0.939,-0.001,0.241,0,0.941,0.240,5.057
11.966,2.919,-4.445,3.111,-2.905,-3.603,153.354,-1.517,0.939,-0.001,0.245,0,0.940,0.244,5.100
11.983,2.894,-4.429,3.111,-3.030,-3.558,153.397,-1.517,0.939,-0.001,0.249,0,0.939,0.248,5.143
12.000,2.869,-4.413,3.111,-3.155,-3.512,153.440,-1.517,0.939,-0.001,0.253,0,0.938,0.252,5.186
12.016,2.843,-4.398,3.111,-3.281,-3.467,153.483,-1.517,0.939,-0.001,0.257,0,0.937,0.256,5.229
12.033,2.818,-4.382,3.111,-3.406,-3.421,153.526,-1.517,0.939,-0.001,0.260,0,0.936,0.260,5.271
12.050,2.793,-4.366,3.111,-3.531,-3.376,153.568,-1.517,0.939,-0.001,0.263,0,0.936,0.263,5.314
12.066,2.768,-4.351,3.111,-3.657,-3.330,153.611,-1.517,0.939,-0.001,0.267,0,0.935,0.266,5.357
12.083,2.742,-4.335,3.111,-3.782,-3.284,153.653,-1.517,0.939,-0.001,0.270,0,0.934,0.269,5.399
12.100,2.717,-4.319,3.111,-3.907,-3.238,153.696,-1.517,0.939,-0.001,0.273,0,0.934,0.272,5.441
12.116,2.692,-4.304,3.111,-4.032,-3.192,153.738,-1.517,0.939,-0.001,0.276,0,0.933,0.275,5.483
12.133,2.666,-4.288,3.111,-4.157,-3.146,153.780,-1.517,0.939,-0.001,0.278,0,0.932,0.278,5.526
12.150,2.641,-4.273,3.111,-4.282,-3.100,153.822,-1.517,0.939,-0.001,0.281,0,0.932,0.280,5.568
12.166,2.617,-4.255,3.111,-4.356,-3.073,153.620,-1.517,0.939,-0.001,0.285,0,0.931,0.284,5.366
12.183,2.593,-4.237,3.111,-4.419,-3.052,153.368,-1.461,1.040,-0.001,0.290,0,0.923,0.289,8.786
12.200,2.569,-4.219,3.111,-4.482,-3.030,153.115,-1.434,1.090,-0.001,0.294,0,0.918,0.294,10.373
12.216,2.545,-4.201,3.111,-4.546,-3.009,152.862,-1.434,1.090,-0.001,0.299,0,0.918,0.298,10.120
12.233,2.521,-4.183,3.111,-4.609,-2.988,152.610,-1.434,1.090,-0.001,0.303,0,0.917,0.303,9.867
12.250,2.497,-4.164,3.111,-4.672,-2.968,152.357,-1.434,1.090,-0.001,0.307,0,0.917,0.307,9.615
12.266,2.473,-4.146,3.111,-4.736,-2.948,152.104,-1.434,1.090,-0.001,0.311,0,0.917,0.311,9.362
12.283,2.450,-4.128,3.111,-4.800,-2.928,151.852,-1.434,1.090,-0.001,0.315,0,0.917,0.315,9.109
12.300,2.426,-4.110,3.111,-4.863,-2.908,151.599,-1.434,1.090,-0.001,0.319,0,0.917,0.318,8.856
12.316,2.402,-4.092,3.110,-4.927,-2.888,151.346,-1.434,1.090,-0.001,0.323,0,0.916,0.322,8.604
12.333,2.378,-4.074,3.110,-4.991,-2.869,151.093,-1.434,1.090,-0.001,0.326,0,0.916,0.326,8.351
12.350,2.354,-4.055,3.110,-5.055,-2.850,150.840,-1.434,1.090,-0.001,0.329,0,0.916,0.329,8.098
12.366,2.330,-4.037,3.110,-5.119,-2.832,150.588,-1.434,1.090,-0.001,0.332,0,0.916,0.332,7.845
12.383,2.306,-4.019,3.110,-5.183,-2.814,150.335,-1.434,1.090,-0.001,0.335,0,0.916,0.335,7.592
12.400,2.282,-4.001,3.110,-5.248,-2.796,150.082,-1.434,1.090,-0.001,0.338,0,0.916,0.338,7.339
12.416,2.259,-3.981,3.110,-5.261,-2.793,149.684,-1.434,1.090,-0.001,0.343,0,0.916,0.342,6.941
12.433,2.237,-3.959,3.110,-5.255,-2.795,149.234,-1.381,1.202,-0.000,0.348,0,0.908,0.348,10.289
12.450,2.214,-3.938,3.110,-5.250,-2.798,148.784,-1.344,1.280,0.000,0.354,0,0.902,0.354,12.363
12.466,2.192,-3.917,3.110,-5.245,-2.800,148.334,-1.344,1.280,0.000,0.360,0,0.902,0.359,11.913
12.483,2.170,-3.895,3.110,-5.240,-2.802,147.884,-1.344,1.280,0.000,0.365,0,0.902,0.364,11.464
12.500,2.147,-3.874,3.110,-5.235,-2.805,147.434,-1.344,1.280,0.000,0.370,0,0.902,0.369,11.014
12.516,2.125,-3.853,3.110,-5.229,-2.807,146.984,-1.344,1.280,0.000,0.375,0,0.902,0.374,10.564
12.533,2.102,-3.832,3.110,-5.224,-2.809,146.535,-1.344,1.280,0.000,0.380,0,0.902,0.379,10.114
12.550,2.080,-3.810,3.110,-5.219,-2.812,146.085,-1.344,1.280,0.000,0.384,0,0.902,0.384,9.664
12.566,2.058,-3.789,3.110,-5.213,-2.814,145.635,-1.344,1.280,0.000,0.389,0,0.902,0.388,9.214
12.583,2.035,-3.768,3.110,-5.208,-2.816,145.185,-1.344,1.280,0.000,0.393,0,0.902,0.393,8.765
12.600,2.013,-3.746,3.110,-5.203,-2.818,144.735,-1.344,1.280,0.000,0.397,0,0.902,0.397,8.315
12.616,1.990,-3.725,3.110,-5.197,-2.820,144.285,-1.344,1.280,0.000,0.401,0,0.902,0.401,7.865
12.633,1.968,-3.704,3.110,-5.192,-2.822,143.835,-1.344,1.280,0.000,0.405,0,0.903,0.405,7.415
12.650,1.946,-3.682,3.110,-5.186,-2.824,143.386,-1.344,1.280,0.000,0.409,0,0.903,0.408,6.965
12.666,1.925,-3.659,3.110,-5.173,-2.830,142.908,-1.344,1.280,0.000,0.415,0,0.903,0.414,6.487
12.683,1.905,-3.636,3.110,-5.156,-2.838,142.416,-1.241,1.382,0.001,0.421,0,0.892,0.421,10.495
12.700,1.885,-3.612,3.110,-5.139,-2.846,141.925,-1.204,1.418,0.001,0.428,0,0.889,0.427,11.570
12.716,1.865,-3.588,3.111,-5.122,-2.854,141.434,-1.204,1.418,0.001,0.434,0,0.889,0.433,11.079
12.733,1.845,-3.565,3.111,-5.105,-2.861,140.942,-1.204,1.418,0.001,0.440,0,0.889,0.439,10.588
12.750,1.825,-3.541,3.111,-5.087,-2.869,140.451,-1.204,1.418,0.001,0.446,0,0.889,0.445,10.096
12.766,1.804,-3.517,3.111,-5.070,-2.876,139.960,-1.204,1.418,0.001,0.451,0,0.888,0.451,9.605
12.783,1.784,-3.494,3.111,-5.053,-2.883,139.468,-1.204,1.418,0.001,0.457,0,0.889,0.456,9.114
12.800,1.764,-3.470,3.111,-5.035,-2.890,138.977,-1.204,1.418,0.001,0.462,0,0.888,0.462,8.622
12.816,1.744,-3.447,3.111,-5.018,-2.897,138.485,-1.204,1.418,0.001,0.467,0,0.889,0.467,8.131
12.833,1.724,-3.423,3.111,-5.000,-2.904,137.994,-1.204,1.418,0.001,0.472,0,0.889,0.472,7.640
12.850,1.704,-3.399,3.111,-4.982,-2.911,137.503,-1.204,1.418,0.001,0.477,0,0.889,0.477,7.148
12.866,1.684,-3.376,3.111,-4.965,-2.917,137.011,-1.204,1.418,0.001,0.482,0,0.889,0.481,6.657
12.883,1.664,-3.352,3.111,-4.947,-2.923,136.520,-1.204,1.418,0.001,0.486,0,0.889,0.486,6.165
12.900,1.644,-3.328,3.111,-4.929,-2.929,136.029,-1.204,1.418,0.001,0.491,0,0.889,0.490,5.674
12.916,1.625,-3.303,3.111,-4.925,-2.926,135.746,-1.204,1.418,0.001,0.497,0,0.889,0.496,5.392
12.933,1.607,-3.277,3.111,-4.927,-2.918,135.555,-1.128,1.496,0.001,0.504,0,0.880,0.503,8.563
12.950,1.590,-3.252,3.111,-4.928,-2.911,135.365,-1.068,1.557,0.000,0.511,0,0.874,0.510,10.924
12.966,1.572,-3.226,3.111,-4.930,-2.903,135.174,-1.068,1.557,0.000,0.518,0,0.873,0.517,10.734
12.983,1.554,-3.200,3.111,-4.932,-2.896,134.984,-1.068,1.557,0.000,0.525,0,0.872,0.524,10.543
13.000,1.536,-3.174,3.111,-4.933,-2.888,134.793,-1.068,1.557,0.000,0.531,0,0.871,0.531,10.352
13.016,1.518,-3.148,3.111,-4.935,-2.881,134.602,-1.068,1.557,0.000,0.537,0,0.870,0.537,10.162
13.033,1.501,-3.122,3.111,-4.937,-2.873,134.412,-1.068,1.557,0.000,0.544,0,0.869,0.543,9.971
13.050,1.483,-3.096,3.111,-4.939,-2.866,134.221,-1.068,1.557,0.000,0.550,0,0.868,0.549,9.781
13.066,1.465,-3.070,3.111,-4.941,-2.858,134.031,-1.068,1.557,0.000,0.556,0,0.868,0.555,9.590
13.083,1.447,-3.044,3.111,-4.943,-2.851,133.840,-1.068,1.557,0.000,0.561,0,0.867,0.561,9.399
13.100,1.429,-3.018,3.111,-4.944,-2.843,133.649,-1.068,1.557,0.000,0.567,0,0.866,0.566,9.209
13.116,1.412,-2.992,3.111,-4.946,-2.836,133.459,-1.068,1.557,0.000,0.572,0,0.866,0.572,9.018
13.133,1.394,-2.966,3.111,-4.948,-2.828,133.268,-1.068,1.557,0.000,0.577,0,0.865,0.577,8.828
13.150,1.376,-2.940,3.111,-4.950,-2.821,133.078,-1.068,1.557,0.000,0.582,0,0.864,0.582,8.637
13.166,1.360,-2.913,3.111,-4.960,-2.808,133.100,-1.068,1.557,0.000,0.589,0,0.863,0.589,8.659
13.183,1.345,-2.885,3.111,-4.974,-2.792,133.236,-0.957,1.632,0.001,0.597,0,0.852,0.597,12.833
13.200,1.330,-2.858,3.111,-4.988,-2.777,133.373,-0.915,1.661,0.001,0.605,0,0.847,0.604,14.535
13.216,1.314,-2.830,3.111,-5.002,-2.761,133.509,-0.915,1.661,0.002,0.612,0,0.845,0.611,14.672
13.233,1.299,-2.802,3.111,-5.015,-2.745,133.646,-0.915,1.661,0.001,0.619,0,0.843,0.619,14.808
13.250,1.284,-2.775,3.111,-5.029,-2.729,133.782,-0.915,1.661,0.001,0.626,0,0.842,0.626,14.944
13.266,1.269,-2.747,3.111,-5.043,-2.713,133.918,-0.915,1.661,0.002,0.633,0,0.840,0.632,15.081
13.283,1.253,-2.719,3.111,-5.056,-2.698,134.055,-0.915,1.661,0.001,0.639,0,0.838,0.639,15.217
13.300,1.238,-2.692,3.111,-5.070,-2.682,134.191,-0.915,1.661,0.001,0.646,0,0.837,0.645,15.354
13.316,1.223,-2.664,3.111,-5.083,-2.666,134.328,-0.915,1.661,0.002,0.652,0,0.835,0.652,15.490
13.333,1.208,-2.636,3.111,-5.097,-2.650,134.464,-0.915,1.661,0.001,0.658,0,0.834,0.658,15.627
13.350,1.192,-2.609,3.111,-5.110,-2.634,134.601,-0.915,1.661,0.002,0.664,0,0.832,0.664,15.763
13.366,1.177,-2.581,3.111,-5.124,-2.618,134.737,-0.915,1.661,0.001,0.670,0,0.831,0.669,15.899
13.383,1.162,-2.553,3.111,-5.137,-2.602,134.873,-0.915,1.661,0.001,0.676,0,0.829,0.675,16.036
13.400,1.147,-2.526,3.111,-5.151,-2.586,135.010,-0.915,1.661,0.002,0.681,0,0.828,0.680,16.172
13.416,1.134,-2.496,3.111,-5.197,-2.563,135.245,-0.915,1.661,0.001,0.689,0,0.826,0.688,16.407
13.433,1.121,-2.467,3.111,-5.247,-2.539,135.492,-0.781,1.759,0.003,0.697,0,0.813,0.696,21.578
13.450,1.108,-2.437,3.111,-5.297,-2.515,135.740,-0.768,1.769,0.003,0.705,0,0.810,0.704,22.260
13.466,1.095,-2.408,3.111,-5.347,-2.491,135.988,-0.768,1.769,0.003,0.712,0,0.808,0.712,22.507
13.483,1.082,-2.378,3.112,-5.397,-2.467,136.235,-0.768,1.769,0.003,0.720,0,0.806,0.719,22.755
13.500,1.070,-2.349,3.112,-5.447,-2.442,136.483,-0.768,1.769,0.003,0.727,0,0.803,0.727,23.002
13.516,1.057,-2.319,3.112,-5.497,-2.417,136.730,-0.768,1.769,0.003,0.734,0,0.802,0.734,23.250
13.533,1.044,-2.290,3.112,-5.547,-2.392,136.978,-0.768,1.769,0.003,0.741,0,0.800,0.741,23.497
13.550,1.031,-2.260,3.112,-5.596,-2.367,137.225,-0.768,1.769,0.003,0.748,0,0.798,0.747,23.745
13.566,1.018,-2.231,3.112,-5.646,-2.341,137.473,-0.768,1.769,0.003,0.754,0,0.796,0.754,23.992
13.583,1.006,-2.201,3.112,-5.695,-2.316,137.720,-0.768,1.769,0.003,0.761,0,0.794,0.760,24.240
13.600,0.993,-2.172,3.112,-5.744,-2.290,137.968,-0.768,1.769,0.003,0.767,0,0.792,0.766,24.487
13.616,0.980,-2.142,3.112,-5.793,-2.264,138.215,-0.768,1.769,0.003,0.773,0,0.791,0.772,24.734
13.633,0.967,-2.113,3.112,-5.843,-2.237,138.462,-0.768,1.769,0.003,0.778,0,0.789,0.778,24.982
13.650,0.954,-2.083,3.112,-5.891,-2.211,138.710,-0.768,1.769,0.003,0.784,0,0.787,0.783,25.229
13.666,0.944,-2.053,3.112,-5.895,-2.232,138.569,-0.768,1.769,0.003,0.792,0,0.786,0.791,25.088
13.683,0.934,-2.022,3.112,-5.896,-2.256,138.404,-0.618,1.855,0.004,0.800,0,0.774,0.799,29.969
13.700,0.924,-1.991,3.112,-5.896,-2.280,138.240,-0.612,1.859,0.004,0.808,0,0.772,0.807,30.036
13.716,0.913,-1.960,3.112,-5.897,-2.304,138.075,-0.612,1.859,0.004,0.815,0,0.771,0.815,29.871
13.733,0.903,-1.929,3.112,-5.898,-2.328,137.910,-0.612,1.859,0.004,0.823,0,0.770,0.822,29.707
13.750,0.893,-1.898,3.112,-5.898,-2.352,137.746,-0.612,1.859,0.004,0.830,0,0.768,0.830,29.542
13.766,0.883,-1.867,3.113,-5.899,-2.376,137.581,-0.612,1.859,0.004,0.837,0,0.767,0.837,29.378
13.783,0.873,-1.836,3.113,-5.899,-2.401,137.417,-0.612,1.859,0.004,0.844,0,0.766,0.844,29.213
13.800,0.862,-1.805,3.113,-5.899,-2.425,137.252,-0.612,1.859,0.004,0.851,0,0.765,0.850,29.048
13.816,0.852,-1.774,3.113,-5.899,-2.449,137.087,-0.612,1.859,0.004,0.857,0,0.765,0.856,28.884
13.833,0.842,-1.743,3.113,-5.899,-2.473,136.923,-0.612,1.859,0.004,0.863,0,0.764,0.863,28.719
13.850,0.832,-1.712,3.113,-5.900,-2.497,136.758,-0.612,1.859,0.004,0.869,0,0.763,0.869,28.555
13.866,0.822,-1.681,3.113,-5.900,-2.521,136.594,-0.612,1.859,0.004,0.875,0,0.762,0.874,28.390
13.883,0.811,-1.650,3.113,-5.899,-2.545,136.429,-0.612,1.859,0.004,0.880,0,0.761,0.880,28.225
13.900,0.801,-1.619,3.113,-5.899,-2.569,136.264,-0.612,1.859,0.004,0.885,0,0.761,0.885,28.061
13.916,0.793,-1.586,3.113,-5.880,-2.601,135.384,-0.612,1.859,0.004,0.893,0,0.761,0.892,27.181
13.933,0.785,-1.553,3.113,-5.860,-2.632,134.483,-0.498,1.951,0.003,0.901,0,0.753,0.900,30.157
13.950,0.777,-1.520,3.113,-5.840,-2.663,133.582,-0.467,1.977,0.002,0.908,0,0.751,0.908,30.312
13.966,0.770,-1.487,3.113,-5.819,-2.693,132.681,-0.467,1.977,0.002,0.915,0,0.752,0.915,29.411
13.983,0.762,-1.455,3.113,-5.798,-2.724,131.780,-0.467,1.977,0.002,0.922,0,0.752,0.922,28.509
14.000,0.754,-1.422,3.113,-5.776,-2.754,130.879,-0.467,1.977,0.002,0.929,0,0.753,0.929,27.608
14.016,0.746,-1.389,3.113,-5.753,-2.783,129.978,-0.467,1.977,0.002,0.936,0,0.754,0.935,26.707
14.033,0.739,-1.356,3.113,-5.730,-2.812,129.076,-0.467,1.977,0.002,0.942,0,0.754,0.941,25.806
14.050,0.731,-1.323,3.113,-5.707,-2.841,128.175,-0.467,1.977,0.002,0.948,0,0.755,0.947,24.905
14.066,0.723,-1.290,3.113,-5.683,-2.870,127.274,-0.467,1.977,0.002,0.954,0,0.756,0.953,24.003
14.083,0.715,-1.257,3.113,-5.659,-2.898,126.373,-0.467,1.977,0.002,0.959,0,0.757,0.958,23.102
14.100,0.707,-1.224,3.113,-5.634,-2.926,125.471,-0.467,1.977,0.002,0.964,0,0.758,0.964,22.201
14.116,0.700,-1.191,3.113,-5.609,-2.953,124.570,-0.467,1.977,0.002,0.969,0,0.759,0.968,21.299
14.133,0.692,-1.158,3.114,-5.584,-2.980,123.669,-0.467,1.977,0.002,0.974,0,0.760,0.973,20.398
14.150,0.684,-1.125,3.114,-5.558,-3.006,122.767,-0.467,1.977,0.002,0.978,0,0.761,0.977,19.497
14.166,0.678,-1.091,3.114,-5.554,-3.010,121.641,-0.467,1.977,0.002,0.984,0,0.763,0.983,18.370
14.183,0.673,-1.057,3.114,-5.554,-3.010,120.467,-0.354,2.030,0.001,0.991,0,0.756,0.990,20.598
14.200,0.668,-1.023,3.114,-5.554,-3.009,119.293,-0.296,2.057,0.001,0.997,0,0.754,0.997,21.100
14.216,0.663,-0.988,3.114,-5.554,-3.008,118.119,-0.296,2.057,0.001,1.003,0,0.755,1.003,19.926
14.233,0.658,-0.954,3.114,-5.555,-3.007,116.945,-0.296,2.057,0.001,1.009,0,0.757,1.009,18.752
14.250,0.653,-0.920,3.114,-5.555,-3.006,115.772,-0.296,2.057,0.001,1.015,0,0.758,1.014,17.578
14.266,0.649,-0.886,3.114,-5.555,-3.006,114.598,-0.296,2.057,0.001,1.020,0,0.760,1.019,16.404
14.283,0.644,-0.851,3.114,-5.556,-3.005,113.424,-0.296,2.057,0.001,1.025,0,0.761,1.024,15.230
14.300,0.639,-0.817,3.114,-5.556,-3.004,112.250,-0.296,2.057,0.001,1.029,0,0.763,1.029,14.056
14.316,0.634,-0.783,3.114,-5.557,-3.003,111.076,-0.296,2.057,0.001,1.034,0,0.765,1.033,12.883
14.333,0.629,-0.748,3.114,-5.557,-3.003,109.902,-0.296,2.057,0.001,1.037,0,0.767,1.037,11.709
14.350,0.624,-0.714,3.114,-5.557,-3.002,108.728,-0.296,2.057,0.001,1.041,0,0.769,1.040,10.535
14.366,0.619,-0.680,3.114,-5.558,-3.001,107.555,-0.296,2.057,0.001,1.044,0,0.770,1.044,9.361
14.383,0.614,-0.646,3.114,-5.558,-3.001,106.381,-0.296,2.057,0.001,1.047,0,0.773,1.046,8.187
14.400,0.609,-0.611,3.114,-5.559,-3.000,105.207,-0.296,2.057,0.001,1.049,0,0.775,1.049,7.013
14.416,0.606,-0.577,3.114,-5.602,-2.963,104.373,-0.296,2.057,0.001,1.054,0,0.776,1.053,6.180
14.433,0.605,-0.542,3.114,-5.660,-2.913,103.662,-0.167,2.083,0.001,1.059,0,0.768,1.058,9.077
14.450,0.604,-0.507,3.114,-5.719,-2.864,102.950,-0.078,2.102,0.000,1.064,0,0.763,1.063,10.850
14.466,0.602,-0.472,3.114,-5.778,-2.816,102.238,-0.078,2.102,0.000,1.069,0,0.764,1.068,10.138
14.483,0.601,-0.436,3.114,-5.839,-2.768,101.526,-0.078,2.102,0.000,1.073,0,0.765,1.072,9.426
14.500,0.600,-0.401,3.114,-5.899,-2.721,100.814,-0.078,2.102,0.000,1.077,0,0.765,1.076,8.714
14.516,0.599,-0.366,3.114,-5.961,-2.675,100.102,-0.078,2.102,0.000,1.080,0,0.766,1.080,8.002
14.533,0.597,-0.331,3.114,-6.023,-2.630,99.390,-0.078,2.102,0.000,1.083,0,0.767,1.083,7.290
14.550,0.596,-0.296,3.114,-6.085,-2.586,98.678,-0.078,2.102,0.000,1.086,0,0.768,1.085,6.578
14.566,0.595,-0.261,3.114,-6.148,-2.542,97.966,-0.078,2.102,0.000,1.088,0,0.769,1.088,5.866
14.583,0.593,-0.226,3.114,-6.212,-2.499,97.254,-0.078,2.102,0.000,1.090,0,0.771,1.089,5.154
14.600,0.592,-0.191,3.114,-6.276,-2.457,96.542,-0.078,2.102,0.000,1.091,0,0.772,1.091,4.442
14.616,0.591,-0.156,3.114,-6.340,-2.416,95.829,-0.078,2.102,0.000,1.092,0,0.773,1.092,3.730
14.633,0.589,-0.121,3.114,-6.405,-2.375,95.117,-0.078,2.102,0.000,1.093,0,0.775,1.092,3.018
14.650,0.588,-0.086,3.114,-6.471,-2.335,94.405,-0.078,2.102,0.000,1.093,0,0.776,1.092,2.306
14.666,0.590,-0.052,3.114,-6.417,-2.324,94.187,-0.078,2.102,0.000,1.095,0,0.776,1.095,2.088
14.683,0.593,-0.017,3.114,-6.307,-2.325,94.204,0.105,2.076,0.001,1.099,0,0.765,1.098,7.098
14.700,0.596,0.017,3.114,-6.197,-2.327,94.220,0.170,2.067,0.001,1.101,0,0.760,1.101,8.924
14.716,0.598,0.052,3.114,-6.087,-2.328,94.237,0.170,2.067,0.001,1.104,0,0.760,1.103,8.940
14.733,0.601,0.086,3.114,-5.976,-2.330,94.253,0.170,2.067,0.001,1.106,0,0.759,1.105,8.957
14.750,0.604,0.121,3.114,-5.866,-2.331,94.270,0.170,2.067,0.001,1.107,0,0.759,1.107,8.973
14.766,0.607,0.155,3.114,-5.756,-2.333,94.286,0.170,2.067,0.001,1.108,0,0.758,1.108,8.990
14.783,0.610,0.190,3.114,-5.646,-2.335,94.303,0.170,2.067,0.001,1.109,0,0.758,1.108,9.006
14.800,0.613,0.224,3.114,-5.536,-2.336,94.319,0.170,2.067,0.001,1.109,0,0.758,1.109,9.022
14.816,0.615,0.258,3.114,-5.425,-2.338,94.335,0.170,2.067,0.001,1.109,0,0.758,1.109,9.039
14.833,0.618,0.293,3.114,-5.315,-2.340,94.352,0.170,2.067,0.001,1.108,0,0.758,1.108,9.055
14.850,0.621,0.327,3.114,-5.205,-2.342,94.368,0.170,2.067,0.001,1.107,0,0.758,1.107,9.072
14.866,0.624,0.362,3.114,-5.095,-2.344,94.385,0.170,2.067,0.001,1.106,0,0.759,1.105,9.088
14.883,0.627,0.396,3.114,-4.985,-2.345,94.401,0.170,2.067,0.001,1.104,0,0.759,1.104,9.105
14.900,0.630,0.431,3.114,-4.874,-2.347,94.418,0.170,2.067,0.001,1.102,0,0.760,1.101,9.121
14.916,0.634,0.465,3.114,-4.801,-2.351,94.737,0.170,2.067,0.001,1.101,0,0.759,1.100,9.441
14.933,0.640,0.499,3.114,-4.744,-2.355,95.192,0.271,2.045,0.001,1.101,0,0.752,1.100,12.712
14.950,0.646,0.532,3.114,-4.686,-2.360,95.646,0.350,2.028,0.000,1.101,0,0.746,1.100,15.414
14.966,0.652,0.566,3.114,-4.629,-2.365,96.100,0.350,2.028,0.000,1.100,0,0.745,1.099,15.869
14.983,0.657,0.600,3.114,-4.572,-2.371,96.554,0.350,2.028,0.000,1.099,0,0.744,1.098,16.323
15.000,0.663,0.634,3.114,-4.515,-2.377,97.008,0.350,2.028,0.000,1.097,0,0.743,1.097,16.772
15.016,0.669,0.668,3.114,-4.458,-2.383,97.463,0.350,2.028,0.000,1.096,0,0.743,1.095,17.231
15.033,0.675,0.701,3.114,-4.401,-2.391,97.917,0.350,2.028,0.000,1.093,0,0.742,1.093,17.685
15.050,0.681,0.735,3.114,-4.344,-2.398,98.371,0.350,2.028,0.000,1.091,0,0.742,1.090,18.134
15.066,0.687,0.769,3.114,-4.287,-2.406,98.825,0.350,2.028,0.000,1.088,0,0.741,1.087,18.594
15.083,0.692,0.803,3.114,-4.230,-2.414,99.279,0.350,2.028,0.000,1.085,0,0.741,1.084,19.043
15.100,0.698,0.837,3.114,-4.173,-2.423,99.733,0.350,2.028,0.000,1.081,0,0.740,1.081,19.502
15.116,0.704,0.870,3.114,-4.116,-2.433,100.188,0.350,2.028,0.000,1.077,0,0.740,1.077,19.951
15.133,0.710,0.904,3.114,-4.060,-2.442,100.642,0.350,2.028,0.000,1.073,0,0.740,1.073,20.410
15.150,0.716,0.938,3.114,-4.003,-2.453,101.096,0.350,2.028,0.000,1.068,0,0.740,1.068,20.859
15.166,0.723,0.972,3.114,-4.050,-2.431,101.571,0.350,2.028,0.000,1.065,0,0.740,1.064,21.340
15.183,0.731,1.005,3.114,-4.152,-2.391,102.058,0.416,2.022,0.000,1.061,0,0.735,1.061,23.689
15.200,0.739,1.039,3.114,-4.254,-2.350,102.545,0.475,2.016,0.000,1.058,0,0.731,1.057,25.776
15.216,0.746,1.073,3.114,-4.355,-2.309,103.032,0.475,2.016,0.000,1.054,0,0.731,1.054,26.263
15.233,0.754,1.106,3.114,-4.456,-2.266,103.519,0.475,2.016,0.000,1.050,0,0.731,1.049,26.750
15.250,0.762,1.140,3.114,-4.557,-2.223,104.006,0.475,2.016,0.000,1.046,0,0.730,1.045,27.236
15.266,0.770,1.173,3.114,-4.657,-2.179,104.492,0.475,2.016,0.000,1.041,0,0.730,1.040,27.723
15.283,0.778,1.207,3.114,-4.757,-2.134,104.979,0.475,2.016,0.000,1.036,0,0.730,1.035,28.209
15.300,0.786,1.241,3.114,-4.857,-2.088,105.465,0.475,2.016,0.000,1.030,0,0.730,1.030,28.696
15.316,0.794,1.274,3.114,-4.956,-2.041,105.952,0.475,2.016,0.000,1.025,0,0.730,1.024,29.182
15.333,0.802,1.308,3.114,-5.055,-1.994,106.438,0.475,2.016,0.000,1.019,0,0.730,1.018,29.668
15.350,0.810,1.341,3.114,-5.153,-1.946,106.924,0.475,2.016,0.000,1.013,0,0.731,1.012,30.155
15.366,0.818,1.375,3.114,-5.251,-1.896,107.410,0.475,2.016,0.000,1.006,0,0.731,1.005,30.641
15.383,0.826,1.409,3.114,-5.349,-1.846,107.896,0.475,2.016,0.000,0.999,0,0.731,0.999,31.126
15.400,0.833,1.442,3.114,-5.446,-1.795,108.382,0.475,2.016,0.000,0.992,0,0.731,0.992,31.612
15.416,0.843,1.476,3.114,-5.615,-1.736,108.624,0.475,2.016,0.000,0.986,0,0.732,0.986,31.855
15.433,0.854,1.509,3.114,-5.813,-1.674,108.772,0.577,2.015,-0.002,0.981,0,0.727,0.981,34.732
15.450,0.865,1.543,3.114,-6.011,-1.611,108.920,0.652,2.014,-0.003,0.976,0,0.723,0.976,36.867
15.466,0.876,1.576,3.114,-6.208,-1.547,109.068,0.652,2.014,-0.003,0.971,0,0.724,0.970,37.014
15.483,0.887,1.610,3.114,-6.405,-1.483,109.215,0.652,2.014,-0.003,0.965,0,0.725,0.964,37.162
15.500,0.897,1.644,3.114,-6.602,-1.418,109.362,0.652,2.014,-0.003,0.959,0,0.725,0.958,37.309
15.516,0.908,1.677,3.114,-6.799,-1.353,109.509,0.652,2.014,-0.003,0.952,0,0.726,0.952,37.456
15.533,0.919,1.711,3.114,-6.996,-1.288,109.656,0.652,2.014,-0.003,0.946,0,0.727,0.945,37.603
15.550,0.930,1.744,3.114,-7.192,-1.222,109.803,0.652,2.014,-0.003,0.939,0,0.729,0.938,37.749
15.566,0.941,1.778,3.114,-7.388,-1.155,109.949,0.652,2.014,-0.003,0.932,0,0.730,0.931,37.895
15.583,0.952,1.811,3.114,-7.585,-1.088,110.095,0.652,2.014,-0.003,0.924,0,0.731,0.924,38.041
15.600,0.963,1.845,3.114,-7.781,-1.020,110.241,0.652,2.014,-0.003,0.916,0,0.732,0.916,38.187
15.616,0.974,1.878,3.114,-7.976,-0.952,110.386,0.652,2.014,-0.003,0.909,0,0.733,0.908,38.333
15.633,0.984,1.912,3.114,-8.172,-0.883,110.532,0.652,2.014,-0.003,0.900,0,0.734,0.900,38.478
15.650,0.995,1.946,3.114,-8.367,-0.814,110.677,0.652,2.014,-0.003,0.892,0,0.736,0.891,38.623
15.666,1.009,1.979,3.114,-8.517,-0.793,110.335,0.652,2.014,-0.003,0.885,0,0.738,0.885,38.281
15.683,1.024,2.013,3.114,-8.643,-0.797,109.745,0.796,2.018,-0.003,0.880,0,0.733,0.879,41.247
15.700,1.039,2.047,3.113,-8.769,-0.802,109.155,0.922,2.023,-0.004,0.874,0,0.728,0.874,43.667
15.716,1.055,2.080,3.113,-8.894,-0.809,108.566,0.922,2.023,-0.004,0.868,0,0.731,0.868,43.077
15.733,1.070,2.114,3.113,-9.020,-0.816,107.976,0.922,2.023,-0.004,0.862,0,0.733,0.862,42.487
15.750,1.085,2.148,3.113,-9.146,-0.826,107.386,0.922,2.023,-0.004,0.856,0,0.736,0.855,41.898
15.766,1.101,2.182,3.113,-9.271,-0.836,106.796,0.922,2.023,-0.004,0.849,0,0.738,0.849,41.308
15.783,1.116,2.215,3.113,-9.397,-0.848,106.207,0.922,2.023,-0.004,0.842,0,0.741,0.842,40.718
15.800,1.132,2.249,3.113,-9.522,-0.861,105.617,0.922,2.023,-0.004,0.835,0,0.744,0.835,40.129
15.816,1.147,2.283,3.113,-9.647,-0.875,105.028,0.922,2.023,-0.004,0.828,0,0.747,0.827,39.539
15.833,1.162,2.316,3.113,-9.772,-0.891,104.438,0.922,2.023,-0.004,0.820,0,0.749,0.820,38.950
15.850,1.178,2.350,3.113,-9.897,-0.907,103.848,0.922,2.023,-0.004,0.812,0,0.752,0.812,38.360
15.866,1.193,2.384,3.113,-10.022,-0.926,103.259,0.922,2.023,-0.004,0.804,0,0.755,0.803,37.770
15.883,1.208,2.417,3.113,-10.146,-0.945,102.670,0.922,2.023,-0.004,0.795,0,0.758,0.795,37.181
15.900,1.224,2.451,3.113,-10.271,-0.966,102.080,0.922,2.023,-0.004,0.787,0,0.761,0.786,36.592
15.916,1.242,2.485,3.113,-10.377,-0.986,101.103,0.922,2.023,-0.004,0.780,0,0.765,0.779,35.615
15.933,1.263,2.518,3.113,-10.473,-1.006,99.887,1.089,2.008,-0.001,0.775,0,0.760,0.775,38.371
15.950,1.284,2.551,3.113,-10.568,-1.029,98.671,1.256,1.993,0.002,0.770,0,0.755,0.770,40.870
15.966,1.305,2.584,3.113,-10.662,-1.054,97.455,1.256,1.993,0.002,0.765,0,0.759,0.764,39.654
15.983,1.326,2.618,3.113,-10.756,-1.080,96.239,1.256,1.993,0.002,0.759,0,0.763,0.759,38.438
16.000,1.347,2.651,3.113,-10.849,-1.109,95.023,1.256,1.993,0.002,0.754,0,0.767,0.753,37.222
16.016,1.368,2.684,3.113,-10.942,-1.140,93.808,1.256,1.993,0.002,0.747,0,0.771,0.747,36.006
16.033,1.388,2.717,3.113,-11.034,-1.172,92.592,1.256,1.993,0.002,0.741,0,0.774,0.741,34.790
16.050,1.409,2.750,3.113,-11.126,-1.207,91.376,1.256,1.993,0.002,0.734,0,0.779,0.734,33.574
16.066,1.430,2.784,3.113,-11.216,-1.243,90.160,1.256,1.993,0.002,0.727,0,0.783,0.727,32.359
16.083,1.451,2.817,3.113,-11.306,-1.282,88.944,1.256,1.993,0.002,0.720,0,0.787,0.720,31.143
16.100,1.472,2.850,3.113,-11.395,-1.322,87.729,1.256,1.993,0.002,0.713,0,0.791,0.712,29.927
16.116,1.493,2.883,3.113,-11.483,-1.364,86.513,1.256,1.993,0.002,0.705,0,0.795,0.704,28.712
16.133,1.514,2.917,3.113,-11.570,-1.408,85.298,1.256,1.993,0.002,0.697,0,0.800,0.696,27.496
16.150,1.535,2.950,3.113,-11.656,-1.454,84.082,1.256,1.993,0.002,0.688,0,0.804,0.688,26.281
16.166,1.559,2.982,3.113,-11.715,-1.469,82.695,1.256,1.993,0.002,0.683,0,0.808,0.682,24.893
16.183,1.587,3.013,3.113,-11.756,-1.463,81.197,1.451,1.930,0.002,0.680,0,0.802,0.679,28.113
16.200,1.614,3.044,3.113,-11.797,-1.459,79.698,1.654,1.865,0.002,0.677,0,0.795,0.676,31.282
16.216,1.642,3.075,3.113,-11.838,-1.456,78.200,1.654,1.865,0.002,0.673,0,0.799,0.673,29.784
16.233,1.669,3.106,3.113,-11.879,-1.453,76.702,1.654,1.865,0.002,0.669,0,0.803,0.669,28.285
16.250,1.697,3.137,3.113,-11.920,-1.452,75.204,1.654,1.865,0.002,0.665,0,0.807,0.665,26.787
16.267,1.725,3.168,3.113,-11.962,-1.452,73.706,1.654,1.865,0.002,0.661,0,0.812,0.660,25.289
16.283,1.752,3.200,3.113,-12.003,-1.453,72.207,1.654,1.865,0.002,0.656,0,0.816,0.656,23.791
16.300,1.780,3.231,3.113,-12.044,-1.455,70.709,1.654,1.865,0.002,0.651,0,0.820,0.651,22.293
16.317,1.807,3.262,3.114,-12.085,-1.458,69.211,1.654,1.865,0.002,0.646,0,0.825,0.645,20.794
16.333,1.835,3.293,3.114,-12.127,-1.462,67.713,1.654,1.865,0.002,0.640,0,0.829,0.640,19.296
16.350,1.862,3.324,3.114,-12.168,-1.468,66.214,1.654,1.865,0.002,0.634,0,0.834,0.634,17.798
16.367,1.890,3.355,3.114,-12.208,-1.474,64.716,1.654,1.865,0.002,0.628,0,0.838,0.627,16.300
16.383,1.918,3.386,3.114,-12.249,-1.481,63.218,1.654,1.865,0.002,0.621,0,0.843,0.621,14.801
16.400,1.945,3.417,3.114,-12.289,-1.490,61.720,1.654,1.865,0.002,0.614,0,0.848,0.614,13.303
16.417,1.976,3.444,3.114,-12.213,-1.493,60.452,1.654,1.865,0.002,0.612,0,0.851,0.612,12.035
16.433,2.008,3.469,3.114,-12.059,-1.489,59.340,1.849,1.621,0.003,0.612,0,0.837,0.612,18.101
16.450,2.041,3.494,3.114,-11.904,-1.482,58.229,1.939,1.508,0.004,0.612,0,0.833,0.611,20.360
16.467,2.073,3.520,3.114,-11.749,-1.472,57.118,1.939,1.508,0.004,0.611,0,0.835,0.610,19.248
16.483,2.105,3.545,3.114,-11.595,-1.459,56.006,1.939,1.508,0.004,0.610,0,0.838,0.609,18.137
16.500,2.138,3.570,3.114,-11.441,-1.443,54.895,1.939,1.508,0.004,0.609,0,0.841,0.608,17.026
16.517,2.170,3.595,3.114,-11.287,-1.424,53.784,1.939,1.508,0.004,0.607,0,0.843,0.606,15.915
16.533,2.202,3.620,3.114,-11.134,-1.403,52.673,1.939,1.508,0.004,0.605,0,0.846,0.604,14.803
16.550,2.234,3.645,3.114,-10.981,-1.378,51.562,1.939,1.508,0.004,0.603,0,0.849,0.602,13.692
16.567,2.267,3.670,3.114,-10.828,-1.350,50.451,1.939,1.508,0.004,0.600,0,0.852,0.600,12.581
16.583,2.299,3.695,3.114,-10.676,-1.319,49.340,1.939,1.508,0.004,0.597,0,0.855,0.597,11.470
16.600,2.331,3.721,3.114,-10.525,-1.286,48.229,1.939,1.508,0.004,0.594,0,0.858,0.593,10.360
16.617,2.364,3.746,3.115,-10.375,-1.249,47.118,1.939,1.508,0.004,0.590,0,0.861,0.590,9.249
16.633,2.396,3.771,3.115,-10.225,-1.210,46.008,1.939,1.508,0.004,0.586,0,0.865,0.586,8.138
16.650,2.428,3.796,3.115,-10.076,-1.167,44.898,1.939,1.508,0.004,0.582,0,0.868,0.582,7.028
16.667,2.463,3.818,3.115,-10.029,-1.085,44.513,1.939,1.508,0.004,0.581,0,0.869,0.581,6.643
16.683,2.499,3.837,3.115,-10.018,-0.990,44.376,2.063,1.306,0.004,0.583,0,0.857,0.582,12.040
16.700,2.534,3.857,3.115,-10.007,-0.894,44.240,2.147,1.172,0.004,0.584,0,0.848,0.584,15.619
16.717,2.570,3.876,3.115,-9.996,-0.799,44.103,2.147,1.172,0.004,0.585,0,0.849,0.585,15.483
16.733,2.606,3.896,3.115,-9.985,-0.703,43.967,2.147,1.172,0.004,0.586,0,0.849,0.585,15.346
16.750,2.642,3.915,3.115,-9.975,-0.608,43.830,2.147,1.172,0.004,0.586,0,0.849,0.585,15.210
16.767,2.677,3.935,3.115,-9.965,-0.512,43.694,2.147,1.172,0.004,0.586,0,0.850,0.585,15.073
16.783,2.713,3.954,3.115,-9.955,-0.417,43.557,2.147,1.172,0.004,0.585,0,0.850,0.585,14.937
16.800,2.749,3.974,3.115,-9.945,-0.321,43.421,2.147,1.172,0.004,0.584,0,0.850,0.584,14.801
16.817,2.785,3.993,3.115,-9.935,-0.226,43.285,2.147,1.172,0.004,0.583,0,0.851,0.583,14.664
16.833,2.821,4.013,3.115,-9.926,-0.130,43.148,2.147,1.172,0.003,0.582,0,0.852,0.581,14.528
16.850,2.856,4.033,3.115,-9.917,-0.034,43.012,2.147,1.172,0.004,0.580,0,0.852,0.579,14.391
16.867,2.892,4.052,3.115,-9.908,0.061,42.876,2.147,1.172,0.004,0.578,0,0.853,0.577,14.255
16.883,2.928,4.072,3.115,-9.899,0.157,42.739,2.147,1.172,0.004,0.575,0,0.854,0.575,14.119
16.900,2.964,4.091,3.116,-9.891,0.253,42.603,2.147,1.172,0.004,0.572,0,0.855,0.572,13.983
16.917,3.001,4.108,3.116,-9.919,0.314,42.803,2.147,1.172,0.004,0.572,0,0.854,0.572,14.183
16.933,3.039,4.121,3.115,-9.973,0.352,43.239,2.216,0.997,0.000,0.575,0,0.843,0.574,19.016
16.950,3.077,4.134,3.115,-10.027,0.391,43.676,2.295,0.801,-0.004,0.577,0,0.830,0.577,24.450
16.967,3.115,4.148,3.115,-10.081,0.430,44.112,2.295,0.801,-0.004,0.579,0,0.829,0.579,24.887
16.983,3.154,4.161,3.115,-10.134,0.469,44.548,2.295,0.801,-0.004,0.581,0,0.828,0.581,25.323
17.000,3.192,4.174,3.115,-10.187,0.509,44.985,2.295,0.801,-0.004,0.583,0,0.826,0.582,25.759
17.017,3.230,4.188,3.115,-10.239,0.549,45.421,2.295,0.801,-0.004,0.584,0,0.825,0.583,26.195
17.033,3.268,4.201,3.115,-10.292,0.590,45.857,2.295,0.801,-0.004,0.584,0,0.824,0.584,26.632
17.050,3.307,4.214,3.115,-10.344,0.631,46.293,2.295,0.801,-0.004,0.584,0,0.823,0.584,27.068
17.067,3.345,4.228,3.115,-10.395,0.672,46.729,2.295,0.801,-0.004,0.584,0,0.822,0.584,27.504
17.083,3.383,4.241,3.115,-10.447,0.714,47.165,2.295,0.801,-0.004,0.584,0,0.821,0.583,27.940
17.100,3.421,4.255,3.115,-10.498,0.756,47.601,2.295,0.801,-0.004,0.583,0,0.821,0.582,28.376
17.117,3.460,4.268,3.115,-10.548,0.798,48.037,2.295,0.801,-0.004,0.581,0,0.820,0.581,28.812
17.133,3.498,4.281,3.115,-10.599,0.841,48.473,2.295,0.801,-0.004,0.580,0,0.819,0.579,29.248
17.150,3.536,4.295,3.115,-10.649,0.884,48.909,2.295,0.801,-0.004,0.578,0,0.819,0.577,29.684
17.167,3.576,4.304,3.115,-10.642,0.867,49.273,2.295,0.801,-0.004,0.579,0,0.817,0.579,30.048
17.183,3.616,4.311,3.115,-10.595,0.805,49.584,2.375,0.560,-0.002,0.582,0,0.803,0.582,36.334
17.200,3.656,4.318,3.115,-10.548,0.742,49.895,2.415,0.437,-0.002,0.585,0,0.795,0.585,39.638
17.217,3.696,4.326,3.115,-10.501,0.679,50.206,2.415,0.437,-0.002,0.588,0,0.794,0.587,39.948
17.233,3.737,4.333,3.115,-10.454,0.616,50.517,2.415,0.437,-0.002,0.590,0,0.793,0.589,40.259
17.250,3.777,4.340,3.115,-10.408,0.552,50.827,2.415,0.437,-0.002,0.591,0,0.792,0.591,40.570
17.267,3.817,4.348,3.115,-10.362,0.489,51.138,2.415,0.437,-0.002,0.593,0,0.791,0.592,40.881
